id,first_name,last_name,email,phone_number,email_opt_in,state,address,password,language,username
1,Idell,MattiCCI,imatticci0@wsj.com,,true,WI,Room 1243,tA2=Ea@=gUUFl8,Mongolian,imatticci0
2,Kaleb,Cissen,kcissen1@opensource.org,719-883-3938,false,CO,Suite 45,zY2)=)U6jNo2,Sotho,kcissen1
3,Melisent,Bonas,mbonas2@youtu.be,480-821-7847,true,AZ,Apt 1702,fH1}Ltr>GO%,Amharic,mbonas2
4,Elfrieda,Phelit,ephelit3@pinterest.com,989-231-4034,true,MI,Room 1822,tQ0&Ht@.*k`.7,New Zealand Sign Language,ephelit3
5,Arlie,Davison,adavison4@patch.com,312-654-0590,false,IL,Apt 1629,"cH9(,OyepZR5",Lithuanian,adavison4
6,Kristen,Hearle,khearle5@amazonaws.com,302-405-4104,true,DE,PO Box 32987,rT8_fT42/{}1oMe,Burmese,khearle5
7,Osmond,Kordas,okordas6@bbc.co.uk,,false,WV,Room 1219,pK7.}Uynq,Quechua,okordas6
8,Averill,Marciek,amarciek7@opera.com,605-635-1141,true,SD,Apt 1365,"zB2""0=2>T|)3jt0",Fijian,amarciek7
9,Marion,Wagg,mwagg8@engadget.com,954-695-8637,true,FL,Suite 7,dN7{Qi8nvQK!$#,Tswana,mwagg8
10,Martica,Beckwith,mbeckwith9@ihg.com,512-660-0128,true,TX,Apt 975,aB6/DDRXa,Filipino,mbeckwith9
11,Rayna,Sowten,rsowtena@vinaora.com,317-277-2104,true,IN,Apt 1300,"bM6.R""6QD(2rN%WH",Azeri,rsowtena
12,Bram,Danes,bdanesb@soup.io,205-744-9419,true,AL,Suite 40,xF4&&Vm(&D,Arabic,bdanesb
13,Mikol,Elington,melingtonc@comsenz.com,317-850-3166,false,IN,Apt 1689,xR6.42%fPJPm>M,Swedish,melingtonc
14,Rey,Reader,rreaderd@drupal.org,312-934-8649,true,IL,7th Floor,rJ6@xYm3zz,Kashmiri,rreaderd
15,Linnet,Myrick,lmyricke@com.com,336-385-4152,true,NC,20th Floor,nV3\qgb<AG\*T,Amharic,lmyricke
16,Waneta,Chicchetto,wchicchettof@privacy.gov.au,432-879-4836,true,TX,Suite 2,"oM6""47~>CMFAJp",Hindi,wchicchettof
17,Thebault,Croote,tcrooteg@about.com,219-236-7646,false,IN,Room 463,wL6+$'BI42,Burmese,tcrooteg
18,Griffith,Hedditch,ghedditchh@sitemeter.com,763-243-4460,false,MN,Apt 1270,mF4#YEZ5p,Tok Pisin,ghedditchh
19,Calhoun,Keaysell,ckeayselli@zimbio.com,605-581-3837,false,SD,Room 913,kO0/!~mcpv8,Marathi,ckeayselli
20,Pierre,Gwinnel,pgwinnelj@discuz.net,913-571-9539,false,KS,Apt 7,gN3~}Qdc$uCHFy/,Kurdish,pgwinnelj
21,Nisse,Shotton,nshottonk@weather.com,216-145-8717,true,OH,Room 1474,oV8?ig{ISymo~,Romanian,nshottonk
22,Cory,Brasse,cbrassel@netlog.com,,true,CA,Room 621,fX5(>c_xV8,Khmer,cbrassel
23,Astra,Brooker,abrookerm@mail.ru,313-814-1083,false,MI,Room 1672,mR8>a~Y!y'Qf,Tetum,abrookerm
24,Ferrel,Pankethman,fpankethmann@canalblog.com,361-120-0988,false,TX,PO Box 63606,eO0'+W{aVodj@1,Luxembourgish,fpankethmann
25,Bartholomeo,Soigoux,bsoigouxo@usgs.gov,216-362-6941,true,OH,PO Box 49849,"qR5'&?""O1",Swati,bsoigouxo
26,Daniele,Orts,dortsp@uol.com.br,859-215-3336,true,KY,2nd Floor,"zF3~w,b{_CZ)OW",Tamil,dortsp
27,Kristos,Coxhead,kcoxheadq@nationalgeographic.com,203-316-1849,true,CT,Apt 197,"gP1/(NSgN'$""rj+",Czech,kcoxheadq
28,Barbara-anne,Michie,bmichier@senate.gov,,false,TX,Suite 16,oN9&0>|V<,Azeri,bmichier
29,Marlane,Bessey,mbesseys@networksolutions.com,720-143-4298,true,CO,Suite 92,iM3`i<t2{W\?|m,Dzongkha,mbesseys
30,Eloise,Stockford,estockfordt@prlog.org,760-936-1607,false,CA,Room 457,"iU8+t/B""j\!",Swahili,estockfordt
31,Jacquenette,Garmanson,jgarmansonu@youtube.com,,true,AL,Room 325,hT2*'mPot,Armenian,jgarmansonu
32,Purcell,Nolton,pnoltonv@arstechnica.com,312-733-6776,false,IL,Suite 38,uI3/?.9C_uq?kOG,Montenegrin,pnoltonv
33,Kayne,Liebermann,kliebermannw@opensource.org,617-520-8265,true,MA,PO Box 3261,vZ0+e*0c\Uku,Polish,kliebermannw
34,Sallyanne,Mahoney,smahoneyx@google.es,713-328-0990,false,TX,Room 1966,dP1`1Sx8}.k,West Frisian,smahoneyx
35,Garrik,Chessum,gchessumy@last.fm,865-609-8390,false,TN,PO Box 85815,"nI5(g""}6G>LA",Bislama,gchessumy
36,Caressa,Lamburne,clamburnez@usda.gov,281-140-8631,false,TX,PO Box 27199,eE9=M=VY',Amharic,clamburnez
37,Reynolds,Dumberell,rdumberell10@abc.net.au,304-438-4714,false,WV,Room 87,"kO1}y""8.Fab",Mongolian,rdumberell10
38,Junette,Leather,jleather11@netlog.com,210-962-4074,true,TX,Suite 45,"cG7""895T4I",Portuguese,jleather11
39,Ange,Vayne,avayne12@house.gov,,true,VA,PO Box 52228,fA4)Ur$q6+4{K,New Zealand Sign Language,avayne12
40,Theodore,Oxenbury,toxenbury13@aol.com,212-547-7304,false,NY,Suite 30,iE8$L+(!`Yi~Wtn,Moldovan,toxenbury13
41,Willetta,Deakan,wdeakan14@intel.com,402-888-9760,false,NE,Suite 22,hM6(#Jt$DEqwecS{,Pashto,wdeakan14
42,Pammy,Osorio,posorio15@time.com,404-636-4653,true,GA,Suite 59,fN5.TB{SFIx6fg,Kurdish,posorio15
43,Maurie,Blackburn,mblackburn16@multiply.com,513-715-7654,true,OH,Apt 1123,wW6)md8J{fb=lin,Hindi,mblackburn16
44,Hugues,Trass,htrass17@answers.com,,false,VA,Suite 22,iH9|5rOnxBpx,Quechua,htrass17
45,Debora,Iggo,diggo18@slideshare.net,508-291-8619,false,MA,Room 640,sH2~snBaqLw))~,Assamese,diggo18
46,Berthe,Blais,bblais19@dailymotion.com,919-381-0027,false,NC,Suite 26,jL3}\E<O<0v?_WG,Hungarian,bblais19
47,Correy,Brahan,cbrahan1a@squarespace.com,,false,TX,15th Floor,xX9$AsK9ya7.)v,,cbrahan1a
48,Marget,Bostock,mbostock1b@blogtalkradio.com,602-644-2065,false,AZ,19th Floor,pM2&a'JO}lW#<N,Ndebele,mbostock1b
49,Alyssa,Cass,acass1c@unesco.org,,true,VA,Room 1315,vP1%=f9JhN,Marathi,acass1c
50,Lee,Leborgne,lleborgne1d@foxnews.com,601-391-7789,true,MS,PO Box 72468,zK6/{7|>,Norwegian,lleborgne1d
51,Georgianna,Faustian,gfaustian1e@hatena.ne.jp,713-916-4731,false,TX,Suite 36,bD6%`&%ZjnGiYf,Bulgarian,gfaustian1e
52,Ancell,McCorry,amccorry1f@macromedia.com,213-222-4660,false,CA,Apt 631,"sR3""`=xXF.r",Northern Sotho,amccorry1f
53,Dorothea,Bicheno,dbicheno1g@netscape.com,,true,LA,20th Floor,gQ5`{5*W~JdEx's/,Romanian,dbicheno1g
54,Hanny,Bruckshaw,hbruckshaw1h@jalbum.net,937-497-3300,true,OH,Suite 64,zD7(SsRI%N0ME,Arabic,hbruckshaw1h
55,Teddie,Trevor,ttrevor1i@webmd.com,402-362-2875,true,NE,Room 1445,dP8.8BVIB?k,Kazakh,ttrevor1i
56,Bentley,Catlin,bcatlin1j@newyorker.com,402-681-5413,false,NE,PO Box 3855,yH3?%YWJ918\lS*,Kurdish,bcatlin1j
57,Lowell,Readitt,lreaditt1k@geocities.jp,262-124-0385,false,WI,Room 273,"tH8!s8U""/",Kurdish,lreaditt1k
58,Nonnah,Plummer,nplummer1l@cbslocal.com,772-267-0924,false,FL,Apt 217,yV8'\Bf7,Sotho,nplummer1l
59,Kamilah,Denley,kdenley1m@istockphoto.com,702-391-2147,false,NV,Apt 137,kU4=VtPP0.Mf}k,Kurdish,kdenley1m
60,Ashla,Bouette,abouette1n@comcast.net,626-110-2671,false,CA,Suite 3,tO9`l1Il,Malagasy,abouette1n
61,Daniela,Cogan,dcogan1o@clickbank.net,763-306-8680,true,MN,6th Floor,sB2'wrPO70,Portuguese,dcogan1o
62,Rosella,Santacrole,rsantacrole1p@digg.com,208-585-8615,true,ID,Room 974,"xJ9`+j>zjHO9k9b,",Khmer,rsantacrole1p
63,Millisent,Lafee,mlafee1q@themeforest.net,678-282-6539,false,GA,9th Floor,gI2?YzqoO~2?v?,Yiddish,mlafee1q
64,Sib,Ivanichev,sivanichev1r@sun.com,336-363-4083,false,NC,Suite 58,kC3`9ac#U,Kannada,sivanichev1r
65,Roslyn,Farnes,rfarnes1s@princeton.edu,205-698-1520,false,AL,PO Box 43884,"kN7,\z+Lx2",Lao,rfarnes1s
66,Rik,Kohrs,rkohrs1t@webeden.co.uk,302-708-0598,false,DE,PO Box 95157,"wL4=/>H\,f>q8",Swahili,rkohrs1t
67,Rhianna,Busain,rbusain1u@smh.com.au,518-722-3697,true,NY,PO Box 69269,hB2+n4xVQ,Portuguese,rbusain1u
68,Maximilianus,Haville,mhaville1v@businessweek.com,951-267-6082,true,CA,Apt 1601,fC6{@T6O6,Amharic,mhaville1v
69,Corbie,Ughini,cughini1w@ameblo.jp,,true,NC,13th Floor,xO9+6EojSqyZGqlx,Malay,cughini1w
70,Brien,Nutkin,bnutkin1x@sciencedirect.com,508-499-7862,false,MA,PO Box 39164,qJ1@@L<6z,Hindi,bnutkin1x
71,Hall,Bruster,hbruster1y@is.gd,501-273-6466,true,AR,Apt 1002,gN5=d~)9t87Kw8n|,Czech,hbruster1y
72,Hi,Riguard,hriguard1z@php.net,602-367-0117,false,AZ,14th Floor,oN0()/$lGF8t,Macedonian,hriguard1z
73,Paxon,Lavington,plavington20@ucsd.edu,916-521-3838,false,CA,PO Box 39486,"sD1@""}ds@6",Icelandic,plavington20
74,Gizela,Mutlow,gmutlow21@miitbeian.gov.cn,508-528-6336,true,MA,14th Floor,pO2<+QVIi,Assamese,gmutlow21
75,Lenore,Capini,lcapini22@berkeley.edu,716-298-0010,true,NY,Apt 875,jA9/cp@2@uZ5*>,Swahili,lcapini22
76,Brittaney,Yanin,byanin23@arstechnica.com,615-767-6813,false,TN,Apt 1789,oL0(X&=zi`KMMm,Aymara,byanin23
77,Clevey,Perrin,cperrin24@seesaa.net,915-286-8088,true,TX,Apt 1436,uA8/o_Hi'Ym,Bengali,cperrin24
78,Dallas,Samwyse,dsamwyse25@paginegialle.it,,false,CA,Suite 72,aW8?IyJ\,Bislama,dsamwyse25
79,Chadwick,McCreery,cmccreery26@ebay.co.uk,267-127-8424,true,PA,16th Floor,"tB4'dA""tM.H",Dzongkha,cmccreery26
80,Sybil,O'Sheeryne,sosheeryne27@ihg.com,507-136-3098,true,MN,PO Box 37026,"vP5""#cGRu|P`nM)",Albanian,sosheeryne27
81,Leland,Farmer,lfarmer28@cpanel.net,,false,MI,6th Floor,mZ7\pC9Z,Dutch,lfarmer28
82,Martie,Goolden,mgoolden29@4shared.com,559-796-6155,false,CA,Room 1054,fS9~wl`vgV!{hLLm,Lithuanian,mgoolden29
83,Honey,Townend,htownend2a@quantcast.com,704-302-3855,false,NC,Suite 63,gW1{VaM7ksfJO,Lithuanian,htownend2a
84,Carlota,Mathew,cmathew2b@mapquest.com,954-940-0451,false,FL,Room 1964,hF8\M4u2k,Armenian,cmathew2b
85,Shela,Gabbitis,sgabbitis2c@dropbox.com,573-761-4303,false,MO,20th Floor,tU9`}dl*&7?3,Papiamento,sgabbitis2c
86,Lay,Moon,lmoon2d@ehow.com,334-761-9290,true,AL,Room 820,"rP5$w""5G/b.d_o",Kashmiri,lmoon2d
87,Emmalyn,Lambart,elambart2e@hugedomains.com,407-712-3326,true,FL,Apt 1496,wN4*wj=2O,Kyrgyz,elambart2e
88,Lauren,Foli,lfoli2f@tumblr.com,808-717-2169,true,HI,2nd Floor,"uU2@/TYRKA<m?&""/",Nepali,lfoli2f
89,Audrie,Roddie,aroddie2g@qq.com,559-174-6090,false,CA,Suite 97,"fA6<#3i$yF,+b",Catalan,aroddie2g
90,Sukey,Doerren,sdoerren2h@washington.edu,765-274-8960,false,IN,18th Floor,eA5&5DFfJbEt|}8x,Romanian,sdoerren2h
91,Bili,Beville,bbeville2i@zdnet.com,530-421-7670,false,CA,Room 898,mZ8=cj_EjT2NqgKZ,Estonian,bbeville2i
92,Miof mela,Astley,mastley2j@yelp.com,856-674-3744,true,NJ,Room 649,aT6}6>MQgD,Moldovan,mastley2j
93,Dyan,Wynne,dwynne2k@fotki.com,909-661-5428,false,CA,Room 1071,eL2%PoX{TM()R,Danish,dwynne2k
94,Claretta,Danels,cdanels2l@canalblog.com,239-155-7818,true,FL,3rd Floor,wG8\1_Ha%,Icelandic,cdanels2l
95,Othella,Calleja,ocalleja2m@mail.ru,339-261-1542,true,MA,PO Box 46880,xR1&F3rdwAy6v,German,ocalleja2m
96,Lorrie,Janu,ljanu2n@theglobeandmail.com,401-890-8415,true,RI,Room 1031,"pJ6`O,6UVn4J+",Bosnian,ljanu2n
97,Laurie,Aldine,laldine2o@mit.edu,509-413-9326,false,WA,Suite 59,"gI9/5(X""$32M",Guaraní,laldine2o
98,Garfield,Conachie,gconachie2p@imgur.com,404-159-6012,false,GA,PO Box 28797,yI7#W/|~!E4.P`,Finnish,gconachie2p
99,Nicolai,Truswell,ntruswell2q@ifeng.com,713-226-6137,false,TX,PO Box 98024,rE4>Hqk{,,ntruswell2q
100,Siffre,Fawckner,sfawckner2r@yahoo.co.jp,,false,OH,Room 1359,rK7(EM!2Y_tR,Kashmiri,sfawckner2r
101,Prentiss,MacNeillie,pmacneillie2s@aboutads.info,240-634-6176,false,MD,Room 952,aM0/eY_0),Kashmiri,pmacneillie2s
102,Marylynne,Jiroutka,mjiroutka2t@wp.com,402-652-3931,false,NE,3rd Floor,lK7'?8Is8VM3,Oriya,mjiroutka2t
103,Dimitry,Kidder,dkidder2u@sina.com.cn,,false,GA,Apt 1712,bC1!cg(xGV,Ndebele,dkidder2u
104,Suzette,Bousler,sbousler2v@squarespace.com,,false,TX,PO Box 19721,wX3+TL=|R,Kazakh,sbousler2v
105,Binny,Buret,bburet2w@hatena.ne.jp,386-621-1325,false,FL,Apt 438,qW8|(`UU%,Māori,bburet2w
106,Sherwin,Feldhammer,sfeldhammer2x@devhub.com,661-676-2494,false,CA,Apt 746,"sB0("")+8|L<E",Greek,sfeldhammer2x
107,Karalee,Pollastro,kpollastro2y@marriott.com,817-544-7929,true,TX,PO Box 3222,lH6|ilob7C~g,Macedonian,kpollastro2y
108,Aymer,Guidoni,aguidoni2z@blogs.com,212-738-7984,true,NY,PO Box 11005,"rR5""o1OpT(",Kazakh,aguidoni2z
109,Christabella,Serfati,cserfati30@businessweek.com,405-916-1178,false,OK,PO Box 32209,"yK8`zba""7",,cserfati30
110,Theodoric,Gland,tgland31@oakley.com,706-121-0785,true,GA,7th Floor,rL5&r?Gi51W,Georgian,tgland31
111,Gwendolen,Shepeard,gshepeard32@blogtalkradio.com,714-452-5721,false,CA,Room 818,qI1%3d!<'eS,Somali,gshepeard32
112,Ruttger,Koch,rkoch33@boston.com,817-944-0542,false,TX,10th Floor,uW2~L#CQv_v#w,Tajik,rkoch33
113,Jennifer,Kaindl,jkaindl34@prweb.com,202-785-5865,true,DC,7th Floor,"lL3#e7#zf""g\HM#",Swedish,jkaindl34
114,Rab,Flux,rflux35@shop-pro.jp,540-561-9974,true,VA,PO Box 9391,yQ3`I&R+6WgY<4,Gujarati,rflux35
115,Lissi,Bottoms,lbottoms36@nih.gov,414-933-7909,true,WI,Room 538,"hH0!>G0Le.X9""y>B",Albanian,lbottoms36
116,Dannel,Sandes,dsandes37@google.cn,646-273-6306,true,NY,Room 669,aP1/m%/Q(pt,Icelandic,dsandes37
117,Celina,Mitskevich,cmitskevich38@imdb.com,315-924-6485,true,NY,Apt 506,iI6|{SO'8PM2!~,Papiamento,cmitskevich38
118,Hedvige,Oliveras,holiveras39@so-net.ne.jp,904-494-7383,false,FL,PO Box 56313,jX4)Xc0ehb9,Kyrgyz,holiveras39
119,Jdavie,Grigsby,jgrigsby3a@indiatimes.com,605-423-5855,false,SD,Room 746,uM9'fb*9qe,Croatian,jgrigsby3a
120,Sanders,Abbis,sabbis3b@hp.com,209-290-6927,false,CA,PO Box 17945,gC5~?k+Wgka2Gu.A,Bosnian,sabbis3b
121,Percival,Billes,pbilles3c@cornell.edu,,true,CA,Room 1552,mF9`H*s6}8p9zy,Telugu,pbilles3c
122,Nichols,Wooddisse,nwooddisse3d@mapy.cz,585-464-4018,true,NY,Suite 60,"bG8""}NRdZCWz",Czech,nwooddisse3d
123,Piotr,Balcombe,pbalcombe3e@tamu.edu,202-897-5745,false,DC,Room 1267,"mG5,0'<!",Māori,pbalcombe3e
124,Dory,Pitrollo,dpitrollo3f@umn.edu,850-562-2343,true,FL,Suite 79,qJ6{`cBQB<rtu,Korean,dpitrollo3f
125,Birgitta,Elgie,belgie3g@oaic.gov.au,,false,AZ,10th Floor,nX4@nmm${M}rwxQC,Ndebele,belgie3g
126,Gnni,Danahar,gdanahar3h@washingtonpost.com,251-724-9878,true,AL,Apt 738,yF3_<r!>$,Swati,gdanahar3h
127,Freeman,Van Haeften,fvanhaeften3i@ow.ly,520-268-5639,true,AZ,Room 1340,tU9*=&\7qz,Gujarati,fvanhaeften3i
128,Gianna,Attenbarrow,gattenbarrow3j@ow.ly,,true,TN,Suite 9,lS6*$r4a/c1,,gattenbarrow3j
129,Dov,Preuvost,dpreuvost3k@icio.us,212-923-4932,true,NY,Room 566,nM5#B)6)8W@,Icelandic,dpreuvost3k
130,Leona,Lawful,llawful3l@stumbleupon.com,281-931-1752,true,TX,Room 1132,uI6=9E`v,Italian,llawful3l
131,Odell,Imason,oimason3m@joomla.org,202-928-4465,true,DC,4th Floor,"bC6\JL,k",Malayalam,oimason3m
132,Florenza,Pringle,fpringle3n@nih.gov,415-142-5316,false,CA,Suite 12,pQ8|O/5e8_2bRmb,Tetum,fpringle3n
133,Dwayne,Aslie,daslie3o@cloudflare.com,712-943-4820,false,IA,PO Box 90378,"kH4!CJOp""x4/k#tB",Dzongkha,daslie3o
134,Jorey,Minnis,jminnis3p@youtu.be,936-189-0150,true,TX,Suite 16,lP5(xcn$G)!cvF@,Italian,jminnis3p
135,Karlotte,Kaygill,kkaygill3q@smugmug.com,,false,FL,Room 1488,hS3_'oG9ilZJ@CK,Dutch,kkaygill3q
136,Bessy,Stonhard,bstonhard3r@ucoz.ru,614-833-9476,false,OH,Room 1650,sU8~EhO$DFrmF,Danish,bstonhard3r
137,Hobie,Danskine,hdanskine3s@amazon.co.uk,808-530-7858,false,HI,17th Floor,tO7%.5oR_/AyPc,Belarusian,hdanskine3s
138,Freeland,Lomath,flomath3t@sitemeter.com,412-858-8032,true,PA,PO Box 99384,wT6@iK38Am,Tok Pisin,flomath3t
139,Yorker,Brennand,ybrennand3u@cam.ac.uk,413-689-6491,false,MA,Room 1853,hK4.DKZ0TBkuh%B,Haitian Creole,ybrennand3u
140,Gwendolin,Blore,gblore3v@geocities.com,501-835-4896,false,AR,Apt 1814,"vH6(thU.,WuiyF{",Zulu,gblore3v
141,Gerardo,Duff,gduff3w@deliciousdays.com,757-125-0302,true,VA,Apt 1220,dV0{*jGtb,Yiddish,gduff3w
142,Tess,Rapinett,trapinett3x@washington.edu,682-611-2947,true,TX,Apt 1514,vN1>y=`ePZ,Catalan,trapinett3x
143,Quintilla,Prate,qprate3y@wp.com,714-323-8056,true,CA,Suite 81,"aJ6<""hCpOGChiuJ)",Telugu,qprate3y
144,Zia,Tesh,ztesh3z@usa.gov,502-910-0283,false,KY,Room 1946,yZ8>0eMg,Hungarian,ztesh3z
145,Euell,Ridout,eridout40@nymag.com,480-452-8567,true,AZ,5th Floor,lV2'j?~E*8g\!,Oriya,eridout40
146,Francis,Gauford,fgauford41@alexa.com,347-258-6484,false,NY,Apt 1240,yR2.5WL!cFjb&l,Gujarati,fgauford41
147,Carroll,Hellin,chellin42@engadget.com,408-465-6608,false,CA,Room 1132,iE7_x~$I*_>|i5yT,Filipino,chellin42
148,Karrie,MacConnel,kmacconnel43@businesswire.com,317-401-1998,false,IN,Suite 68,tN8'ZHCX_C,Swahili,kmacconnel43
149,Loren,Aps,laps44@miitbeian.gov.cn,,false,TX,Room 880,"iC9""4Ab3+",Haitian Creole,laps44
150,Bethina,Coddington,bcoddington45@ocn.ne.jp,216-992-1912,false,OH,11th Floor,wY4#.w5#Tm3zu,Persian,bcoddington45
151,Chevalier,Roches,croches46@apache.org,240-943-6873,false,MD,Suite 1,qD9~!#D(5/W,Spanish,croches46
152,Stoddard,Rawcliff,srawcliff47@chronoengine.com,212-999-2641,false,NY,Suite 84,dS7=e(GNV3K,Albanian,srawcliff47
153,Standford,Beglin,sbeglin48@cmu.edu,,true,AL,Apt 374,"pN3""Zuura",Latvian,sbeglin48
154,Sal,Fuzzens,sfuzzens49@wikia.com,651-150-6057,true,MN,Room 135,"iC6&H{ej""N,MneeL",English,sfuzzens49
155,Ali,Chatwin,achatwin4a@chronoengine.com,850-374-7545,false,FL,13th Floor,dR3$6/Xs/6a_b?,Hindi,achatwin4a
156,Napoleon,Sauvage,nsauvage4b@archive.org,559-415-3696,true,CA,11th Floor,sM5~d%&}M,Czech,nsauvage4b
157,Carl,Willimont,cwillimont4c@archive.org,912-384-6871,true,GA,Apt 1828,fQ6*s)KoeR,Gujarati,cwillimont4c
158,Marven,Showl,mshowl4d@utexas.edu,865-199-9967,true,TN,19th Floor,"wL0\z#?NjRA""6kz.",Burmese,mshowl4d
159,Maegan,Kemitt,mkemitt4e@123-reg.co.uk,917-302-2908,false,NY,Room 1801,gR7`6U=LRL,Haitian Creole,mkemitt4e
160,Dion,Hebbes,dhebbes4f@chicagotribune.com,706-344-0551,false,GA,PO Box 48378,kJ4|x=pxZ0U{cv,Danish,dhebbes4f
161,Burr,McGeever,bmcgeever4g@t-online.de,,true,VA,PO Box 2982,kY2|l!a$w9%I&ep,Bengali,bmcgeever4g
162,Cullan,Blaydes,cblaydes4h@tinyurl.com,330-265-3664,true,OH,Apt 1219,qD6(ei(ye_}u+=_,Greek,cblaydes4h
163,Fons,Leggat,fleggat4i@unesco.org,559-657-5163,false,CA,Apt 415,"xB1\6w_ikWw!""Ej3",Persian,fleggat4i
164,Barrett,Yurkov,byurkov4j@ycombinator.com,415-701-6031,true,CA,PO Box 8016,"qU4{<,TZq~_f9Q",Kashmiri,byurkov4j
165,Hephzibah,Grieg,hgrieg4k@posterous.com,520-918-9466,false,AZ,PO Box 84404,iN9%zSIU,Azeri,hgrieg4k
166,Carmine,Heijnen,cheijnen4l@independent.co.uk,720-443-6407,true,CO,9th Floor,mN0*)V&1Fb9w,Punjabi,cheijnen4l
167,Leon,Anten,lanten4m@state.gov,915-809-0923,false,TX,Room 670,"rE8}Hy0,9b__{AY",Armenian,lanten4m
168,Billy,Thomtson,bthomtson4n@wired.com,251-641-8104,true,AL,2nd Floor,sU4#$<{lV_h,Icelandic,bthomtson4n
169,Homerus,Barbosa,hbarbosa4o@archive.org,202-681-1473,true,DC,Apt 1055,"kY4""rzrSR.D",Luxembourgish,hbarbosa4o
170,Arther,Woodrup,awoodrup4p@walmart.com,518-736-4072,true,NY,Apt 1876,zF9>|c@P,French,awoodrup4p
171,Edita,Buxam,ebuxam4q@zimbio.com,910-962-8469,false,NC,PO Box 51301,rR1\vv3<,West Frisian,ebuxam4q
172,Reine,Balog,rbalog4r@trellian.com,585-970-8139,false,NY,PO Box 48999,kO3$&I{{,Oriya,rbalog4r
173,Wolfie,Worland,wworland4s@moonfruit.com,716-244-9430,true,NY,Room 481,cJ2&Za?>,Hebrew,wworland4s
174,Abram,Blodgetts,ablodgetts4t@cisco.com,,false,IN,PO Box 95230,"xB2!LGKL|tX,s",Zulu,ablodgetts4t
175,Kelley,Rossant,krossant4u@washington.edu,239-443-8908,true,FL,PO Box 74968,nC5'Dq?S,Romanian,krossant4u
176,Engelbert,Gocke,egocke4v@cdc.gov,412-277-7427,true,PA,Room 407,xT2<XKe||kx88l,Zulu,egocke4v
177,Leo,McCrea,lmccrea4w@cloudflare.com,,false,FL,PO Box 74097,"nH4`_r8""3iyf",Persian,lmccrea4w
178,Daria,Blandamore,dblandamore4x@hexun.com,404-883-0514,false,GA,PO Box 79382,"dK7(T#.t7=1c""B3",Japanese,dblandamore4x
179,Fredrick,Van der Baaren,fvanderbaaren4y@nytimes.com,850-489-4616,false,FL,Room 1577,"iU9*.Z/9l}""G",Belarusian,fvanderbaaren4y
180,Wayne,Garriock,wgarriock4z@wufoo.com,,true,OH,4th Floor,fU8&{Kr)%,Czech,wgarriock4z
181,Jed,Crichton,jcrichton50@wix.com,515-566-0607,true,IA,PO Box 57704,mL7@mSX$,Kurdish,jcrichton50
182,Derward,Bunten,dbunten51@omniture.com,321-245-7049,true,FL,Suite 4,eT6.n~I6$&Mohj},Gagauz,dbunten51
183,Elaine,Durnan,edurnan52@china.com.cn,414-968-8237,false,WI,Room 1884,oQ8(.Fs?n)1Iv,Estonian,edurnan52
184,Nathanael,Stroband,nstroband53@so-net.ne.jp,407-722-6601,true,FL,Apt 1207,zD2\`tIu<@k*qN,Aymara,nstroband53
185,Carlotta,Le Brom,clebrom54@sitemeter.com,314-891-3302,false,MO,PO Box 83187,oQ9_X?`dM/Y,Kannada,clebrom54
186,Catharine,Jaeggi,cjaeggi55@rakuten.co.jp,815-359-7215,false,IL,Suite 8,"fT0*hT$""@E.l&4Ci",Portuguese,cjaeggi55
187,Truda,Bourbon,tbourbon56@washington.edu,,false,WI,13th Floor,eX4@`{n$B,Māori,tbourbon56
188,Fredi,Travers,ftravers57@paypal.com,202-308-4072,false,DC,Apt 372,tJ3%(\QPrr,New Zealand Sign Language,ftravers57
189,Timothee,Vaudrey,tvaudrey58@weebly.com,210-850-6257,false,TX,Suite 31,dA3<2wYrO,Pashto,tvaudrey58
190,Darcie,Scandrick,dscandrick59@disqus.com,,true,CA,Apt 925,"wF2"">&b|XUD9g",Northern Sotho,dscandrick59
191,Dannel,Redferne,dredferne5a@rakuten.co.jp,517-525-0059,false,MI,Apt 634,vU4>e.ZA=}Sg<Cc\,Afrikaans,dredferne5a
192,Julie,Attersoll,jattersoll5b@narod.ru,,false,AL,Suite 28,eK1'QW(M>vU,,jattersoll5b
193,Galina,Tebboth,gtebboth5c@hc360.com,251-125-9468,true,AL,6th Floor,rJ8<T5.U)A,Zulu,gtebboth5c
194,Krishna,Pearmain,kpearmain5d@google.cn,219-473-4056,true,IN,Room 1464,yU6_\H(m,Moldovan,kpearmain5d
195,Isaak,Jugging,ijugging5e@unicef.org,,true,MN,4th Floor,lQ8<FNaCi,Marathi,ijugging5e
196,Diego,Hallard,dhallard5f@berkeley.edu,808-447-4047,false,HI,PO Box 43239,"yU8,B&#m@IE.g0/e",Guaraní,dhallard5f
197,Carry,Thurske,cthurske5g@google.com.hk,423-963-6356,true,TN,Suite 32,iE3}izC=++yjD),Portuguese,cthurske5g
198,Jocelin,Girault,jgirault5h@ox.ac.uk,214-651-6321,false,TX,Suite 76,vH0\Bhs)%T,German,jgirault5h
199,Flossie,Oldis,foldis5i@yale.edu,504-133-3060,true,LA,Room 779,yI2%p5+8~,Chinese,foldis5i
200,Kelsey,Rush,krush5j@baidu.com,615-600-1985,true,TN,16th Floor,iR6%JiJ8xR,Croatian,krush5j
201,Odelle,Wardrop,owardrop5k@opensource.org,786-957-4364,false,FL,Suite 92,lD1(qBjNP,Afrikaans,owardrop5k
202,Alanson,Duthie,aduthie5l@artisteer.com,423-149-2882,false,TN,PO Box 48807,cL8@ITCSp,Kashmiri,aduthie5l
203,Irene,Airton,iairton5m@typepad.com,843-541-9894,false,SC,Suite 60,jZ4*{)x`j`b7,Gujarati,iairton5m
204,Penn,Selwood,pselwood5n@pen.io,801-468-3313,false,UT,Suite 27,pQ9#RWqeVI0J~,French,pselwood5n
205,Ilse,Nisius,inisius5o@linkedin.com,205-278-6066,false,AL,Room 1254,hS4!6sfgW6,Icelandic,inisius5o
206,Calv,Preator,cpreator5p@quantcast.com,601-485-8819,false,MS,Room 1467,hY7'!SV&ei<,,cpreator5p
207,Debbie,Ivashinnikov,divashinnikov5q@51.la,937-477-8619,true,OH,Suite 57,iJ1(9<L\a&,,divashinnikov5q
208,Rozanne,Osgodby,rosgodby5r@sina.com.cn,619-248-1569,true,CA,Suite 45,kR4\*g`M<Exzp#',Montenegrin,rosgodby5r
209,Leupold,Skein,lskein5s@stanford.edu,602-734-4218,true,AZ,Suite 20,wL0`4HqVyBQ,Nepali,lskein5s
210,Elmira,Baugh,ebaugh5t@histats.com,337-127-0489,false,LA,PO Box 67537,fQ0'faU6y38,Lao,ebaugh5t
211,Valenka,Strode,vstrode5u@dmoz.org,304-232-3033,true,WV,Apt 379,qU8\aF5JTsy,Bengali,vstrode5u
212,Davidson,Bault,dbault5v@columbia.edu,864-576-7723,false,SC,5th Floor,vS6%6N?Y9$,Indonesian,dbault5v
213,Delila,Klulicek,dklulicek5w@oakley.com,318-676-1053,false,LA,Room 44,"aX7!B""Wt|#BENi3",French,dklulicek5w
214,Taddeo,Seeds,tseeds5x@psu.edu,303-997-0429,true,CO,14th Floor,fE7%>UYRLYpX~9T,Bosnian,tseeds5x
215,Inness,Hannum,ihannum5y@wikimedia.org,202-234-4550,true,DC,Room 1735,vB2!KdO4nu=rrh,Luxembourgish,ihannum5y
216,Cristy,Stickland,cstickland5z@xing.com,502-517-7454,false,KY,PO Box 92829,"oL9.\R,`",Albanian,cstickland5z
217,Abbot,Villiers,avilliers60@whitehouse.gov,561-394-3750,false,FL,PO Box 66966,"cR2/nk,lf86#_g",Azeri,avilliers60
218,Fremont,Hearmon,fhearmon61@si.edu,571-397-0734,false,VA,14th Floor,bN7(Rvp!<#cEN|,Hungarian,fhearmon61
219,Marillin,Cattermole,mcattermole62@buzzfeed.com,814-617-0548,false,PA,Apt 1362,qZ9)~oA')T5.v&,Haitian Creole,mcattermole62
220,Gustie,Kubat,gkubat63@webmd.com,214-768-7592,false,TX,Room 279,xG3({.xZ<YX,Swati,gkubat63
221,Bernelle,Attwooll,battwooll64@themeforest.net,515-257-5911,true,IA,11th Floor,hM3)DNdE?c,Gujarati,battwooll64
222,Giorgi,Daffern,gdaffern65@simplemachines.org,504-669-6019,true,LA,PO Box 60164,qJ6@2gn@uiqi,Hungarian,gdaffern65
223,Blithe,Frushard,bfrushard66@1688.com,203-449-8713,true,CT,5th Floor,lJ3)l58=8,Guaraní,bfrushard66
224,Adolphe,Kohtler,akohtler67@archive.org,234-702-2834,true,OH,Room 1878,iA1&DfV.nx,Swahili,akohtler67
225,Mile,Korba,mkorba68@qq.com,,false,OH,13th Floor,gO3+0iAsmf~VQv#3,Bislama,mkorba68
226,Panchito,Pichmann,ppichmann69@forbes.com,440-616-5638,true,OH,Room 1537,cY4`Nma#{,Swedish,ppichmann69
227,Isobel,Cracoe,icracoe6a@cisco.com,904-496-6699,false,FL,Room 657,"xP4*nA+`_,s",Punjabi,icracoe6a
228,Oriana,Buzzing,obuzzing6b@hugedomains.com,602-635-5878,true,AZ,2nd Floor,hZ0!&=PWom@/s/75,Chinese,obuzzing6b
229,Dacie,Tejada,dtejada6c@tinyurl.com,619-148-6911,true,CA,Room 552,xP5*e5f>?M0O,Catalan,dtejada6c
230,Susanne,Ruggs,sruggs6d@symantec.com,,false,PA,Room 9,zI0?8(d4!lWi1i,Japanese,sruggs6d
231,Sigismond,Suddock,ssuddock6e@nasa.gov,602-189-8887,true,AZ,Suite 54,bA3$/4dwS#A,Irish Gaelic,ssuddock6e
232,Valentijn,Angless,vangless6f@walmart.com,256-336-9687,false,AL,Room 614,aL4%fEBp!,Polish,vangless6f
233,Terrell,Rennard,trennard6g@independent.co.uk,512-393-4374,false,TX,Suite 85,"eE3,hgBWh!'",Greek,trennard6g
234,Myrlene,Polglase,mpolglase6h@google.pl,765-342-0739,false,IN,11th Floor,xH0|1?pqlI,Malayalam,mpolglase6h
235,Lorie,de'-Ancy Willis,ldeancywillis6i@hao123.com,701-475-1240,false,ND,Suite 57,tT4#)IwF{{,Bosnian,ldeancywillis6i
236,Lucienne,McCowan,lmccowan6j@unicef.org,315-804-3143,false,NY,PO Box 12678,sR1)d+(}lw'daM,Swahili,lmccowan6j
237,Ealasaid,Jull,ejull6k@ucsd.edu,,true,FL,Room 955,"tM0.aECE\%z{D6p""",Czech,ejull6k
238,Malena,Mulliner,mmulliner6l@imgur.com,,true,NJ,PO Box 26243,"bA5`,@""27m",Irish Gaelic,mmulliner6l
239,Alidia,Helmke,ahelmke6m@nymag.com,601-580-1114,false,MS,Room 1084,"tB4&6)T{|,aC'",Tswana,ahelmke6m
240,Antin,Geraldo,ageraldo6n@soup.io,518-851-3491,false,NY,Room 1745,iT4{}&s`QEd*,Amharic,ageraldo6n
241,Dacey,Colaton,dcolaton6o@illinois.edu,503-150-5878,true,OR,PO Box 11337,cY3&1(H>PjR&X,Danish,dcolaton6o
242,Wynn,Seabrooke,wseabrooke6p@taobao.com,202-145-6375,true,DC,PO Box 50440,"jU9%h6Ie5,L>",Greek,wseabrooke6p
243,Golda,Orringe,gorringe6q@github.com,240-349-7829,false,MD,PO Box 87851,yQ8=GH{(i,Mongolian,gorringe6q
244,Chevalier,Rush,crush6r@quantcast.com,501-859-6377,false,AR,Apt 1945,dF0{v7kzp*C\e&o,Malay,crush6r
245,Joice,Kupisz,jkupisz6s@jigsy.com,918-440-9401,false,OK,Room 1527,vD3_3hTulq}9QxK,Haitian Creole,jkupisz6s
246,Brittney,Roaf,broaf6t@biglobe.ne.jp,,true,UT,PO Box 38552,nE0{f#(vMk+dW`,West Frisian,broaf6t
247,Robbie,Blaxlande,rblaxlande6u@posterous.com,718-193-8545,true,NY,Room 1508,jP8'T_=4TcKfn>s,New Zealand Sign Language,rblaxlande6u
248,Page,Ebdon,pebdon6v@yellowpages.com,901-841-1425,false,TN,Apt 778,fZ2@sLG*l'**Y,Malay,pebdon6v
249,Adolphe,Strephan,astrephan6w@mapy.cz,605-636-6183,false,SD,Room 1673,"oN1<T!NcqIn,n",Polish,astrephan6w
250,Law,Mila,lmila6x@unicef.org,718-462-3992,true,NY,Room 1,cY7@B&!!Z4,Maltese,lmila6x
251,Carissa,Brigg,cbrigg6y@tinyurl.com,918-316-9674,true,OK,Room 1723,iM6}L.P%A6,Punjabi,cbrigg6y
252,Ora,Barrie,obarrie6z@bravesites.com,901-361-1318,false,TN,Room 1700,jA3*CI8j#?NUx_St,Portuguese,obarrie6z
253,Leelah,Plom,lplom70@tripod.com,704-991-4243,false,NC,4th Floor,lU5%0gtr5v,New Zealand Sign Language,lplom70
254,Jenny,Babcock,jbabcock71@is.gd,845-879-2959,true,NY,Apt 1965,kX7=R7aX,Azeri,jbabcock71
255,Welsh,McColley,wmccolley72@hhs.gov,612-615-0555,false,MN,Suite 51,qK9*u*.5,Georgian,wmccolley72
256,Gordon,Towell,gtowell73@hexun.com,704-221-8042,true,NC,PO Box 19653,nB8)Am#Kn,Danish,gtowell73
257,Stephan,Jeannenet,sjeannenet74@topsy.com,408-337-3854,true,CA,PO Box 8614,sP5/(s0=S,Telugu,sjeannenet74
258,Blanca,Peat,bpeat75@blogspot.com,704-886-8711,false,NC,Room 524,tC8('g`+PKg,Punjabi,bpeat75
259,Maurits,Cockshoot,mcockshoot76@forbes.com,936-728-2784,false,TX,19th Floor,lM7.evf&~N,Romanian,mcockshoot76
260,Tonie,Alvaro,talvaro77@ucla.edu,860-869-5853,true,CT,PO Box 67284,uK0|UTy>Mz>$,Czech,talvaro77
261,Bekki,Anker,banker78@g.co,256-481-8353,true,AL,Apt 497,kR4>vI7>1N2<k,Aymara,banker78
262,Iggie,Sivyer,isivyer79@blog.com,831-528-2338,false,CA,Apt 1744,zF8%RDqunjAI,Sotho,isivyer79
263,Gottfried,Yurenin,gyurenin7a@smh.com.au,571-795-3938,false,VA,PO Box 58654,xU8!vAwVwfOm?N,Moldovan,gyurenin7a
264,Kittie,Rawling,krawling7b@sciencedaily.com,701-332-0144,true,ND,Suite 82,"bJ0),cVd~V",Montenegrin,krawling7b
265,Claudius,Hackly,chackly7c@cloudflare.com,406-595-4319,false,MT,PO Box 87927,qL7!M%P%9CeoX}<,Persian,chackly7c
266,Augie,Fernley,afernley7d@bloomberg.com,407-109-6704,true,FL,PO Box 10747,"gW7#2""qlTKR7y",Afrikaans,afernley7d
267,Madelena,McNeillie,mmcneillie7e@imgur.com,904-818-0885,false,FL,Suite 8,mL9%)\d+%teDCn1M,Indonesian,mmcneillie7e
268,Elvira,Stonelake,estonelake7f@plala.or.jp,,false,FL,Apt 1380,rN5+pHQpBY,Tamil,estonelake7f
269,Julissa,Stoke,jstoke7g@mayoclinic.com,,false,OH,Suite 2,tH1)G)E)*JM@,Oriya,jstoke7g
270,Aldus,Ackhurst,aackhurst7h@yellowbook.com,469-522-8607,false,TX,Suite 33,xD3!=$7mb,Filipino,aackhurst7h
271,Max,Hardstaff,mhardstaff7i@mediafire.com,909-177-9471,false,CA,Suite 6,uB3*jfdY&,Tajik,mhardstaff7i
272,Barbara,Goodbody,bgoodbody7j@dedecms.com,952-689-9295,false,MN,Suite 4,mJ2/%o6RK3iTOp,English,bgoodbody7j
273,Ely,Fairholm,efairholm7k@newsvine.com,651-549-7891,false,MN,3rd Floor,vZ1#_h%aoEe,Norwegian,efairholm7k
274,Allsun,McCuffie,amccuffie7l@earthlink.net,937-962-2778,true,OH,Apt 503,sN6\nY%'i,Aymara,amccuffie7l
275,Veronique,Walby,vwalby7m@amazonaws.com,408-543-9720,false,CA,PO Box 10053,pD8&$*|2evv<F/,Croatian,vwalby7m
276,Sarita,Skitt,sskitt7n@foxnews.com,801-826-2845,true,UT,PO Box 57671,yX7'(1d6a0=mv13o,Georgian,sskitt7n
277,Wait,Flescher,wflescher7o@scientificamerican.com,239-826-8344,true,FL,Room 226,rL5+4cCYe>bc,Macedonian,wflescher7o
278,Carla,Tunnadine,ctunnadine7p@barnesandnoble.com,661-860-4117,true,CA,Suite 44,wI8\8+MrE*Apde&g,Czech,ctunnadine7p
279,Clifford,Perkins,cperkins7q@seesaa.net,517-283-1093,false,MI,Room 591,kH7*1a2XVs*F$O3,Northern Sotho,cperkins7q
280,Cassy,Aitkenhead,caitkenhead7r@state.tx.us,857-988-3947,true,MA,Suite 77,wJ1'>VXJId$2ok,Somali,caitkenhead7r
281,Alejandro,Starkie,astarkie7s@google.co.jp,314-325-7642,false,MO,Apt 581,"xN1/HB,1Br",Bislama,astarkie7s
282,Pauli,Tawse,ptawse7t@tiny.cc,909-528-5560,true,CA,PO Box 4376,sJ1%r&?#,Japanese,ptawse7t
283,Malia,Killshaw,mkillshaw7u@prnewswire.com,609-752-1988,false,NJ,18th Floor,bF0~|@.P,Indonesian,mkillshaw7u
284,Sayres,Baumadier,sbaumadier7v@theglobeandmail.com,916-750-9866,false,CA,4th Floor,aU0?6G/t,Romanian,sbaumadier7v
285,Sinclare,Francillo,sfrancillo7w@xinhuanet.com,319-703-5615,true,IA,Suite 73,fA9(uZNp,Dzongkha,sfrancillo7w
286,Mayer,Iddy,middy7x@scribd.com,602-523-7721,false,AZ,PO Box 10374,fJ8}B_$}Id4ws5?T,Dhivehi,middy7x
287,Moshe,Peet,mpeet7y@linkedin.com,480-845-6674,true,AZ,20th Floor,pN8|X*T}9Q*nebF,Arabic,mpeet7y
288,Edan,Kleynen,ekleynen7z@bloomberg.com,225-965-8713,true,LA,PO Box 64795,"hM4,sos6.sws",Assamese,ekleynen7z
289,Cindy,Olander,colander80@woothemes.com,724-934-3191,true,PA,Room 1430,gV5.KWD!3fX`K,Irish Gaelic,colander80
290,Lishe,Stonebanks,lstonebanks81@ed.gov,862-286-1524,false,NJ,Room 67,vP1.FT1>/,Dhivehi,lstonebanks81
291,Madelin,Eagleston,meagleston82@squarespace.com,904-788-5128,false,FL,Room 330,dB4$G)6+TcU?DC~|,Luxembourgish,meagleston82
292,Ursala,Featherbie,ufeatherbie83@buzzfeed.com,,false,AZ,Suite 67,zM8{(ou31KAXf,Oriya,ufeatherbie83
293,Hurley,Douglas,hdouglas84@google.de,309-235-9338,false,IL,Room 1392,eX8}eM%{ogi,Swati,hdouglas84
294,Adriana,Beagan,abeagan85@wikia.com,915-226-7348,false,TX,Suite 71,jS7'QBZ9Uv!,Amharic,abeagan85
295,Antonius,Norgan,anorgan86@whitehouse.gov,651-859-2058,true,MN,Room 515,kY1/AFWyOC?yA,Bosnian,anorgan86
296,Lindie,Sidney,lsidney87@stanford.edu,347-824-9790,false,NY,Room 1607,bG2(3@PfGas~Qd,Chinese,lsidney87
297,Euphemia,Bickersteth,ebickersteth88@fc2.com,601-689-6307,false,MS,Apt 985,"uR4,FC>B.LeKG%n",Afrikaans,ebickersteth88
298,Edlin,Benedite,ebenedite89@vimeo.com,,true,LA,Room 1247,aM2={'_rpTU\Kz0,Hebrew,ebenedite89
299,Nickie,Woodington,nwoodington8a@google.es,845-393-8431,true,NY,Suite 33,dX9%YE.gE2,Italian,nwoodington8a
300,Duke,Clooney,dclooney8b@miitbeian.gov.cn,,true,MA,PO Box 35713,yN9#ni$\xfqkv,Dutch,dclooney8b
301,Sofie,Jeaves,sjeaves8c@istockphoto.com,,false,IN,17th Floor,sX1~BVV>7._l5,Arabic,sjeaves8c
302,Guenevere,Sloan,gsloan8d@whitehouse.gov,512-579-3138,false,TX,PO Box 33308,"hS7*4teP},_#*D+2",Malayalam,gsloan8d
303,Coreen,Decort,cdecort8e@tuttocitta.it,,true,IL,7th Floor,uJ3(q#Mby,Swahili,cdecort8e
304,Clemmy,Lindmark,clindmark8f@scientificamerican.com,315-569-0240,false,NY,PO Box 58849,"oV9{,j<KGka5",Tetum,clindmark8f
305,Ronnie,Palley,rpalley8g@fema.gov,253-960-2340,false,WA,Suite 20,pD1?DXCW}4,Azeri,rpalley8g
306,Kareem,Flecknell,kflecknell8h@blogspot.com,512-513-9657,true,TX,PO Box 66705,hJ2|&J#%7\,Gujarati,kflecknell8h
307,Kippie,Ickov,kickov8i@studiopress.com,571-338-1058,true,VA,12th Floor,uA2'XKg=CYb,Oriya,kickov8i
308,Donny,Dufton,ddufton8j@pbs.org,313-880-3920,true,MI,Room 660,tF8#}r!`,Yiddish,ddufton8j
309,Raynell,Trevarthen,rtrevarthen8k@edublogs.org,518-229-8292,true,NY,16th Floor,zG8*J{iT?,Bislama,rtrevarthen8k
310,Dru,Kenneway,dkenneway8l@telegraph.co.uk,704-494-8662,true,NC,Suite 26,wO7$(zkk,Malayalam,dkenneway8l
311,Kermit,Steanyng,ksteanyng8m@nasa.gov,602-959-8716,false,AZ,Suite 5,xW3{70vG,Malay,ksteanyng8m
312,Cally,Garriock,cgarriock8n@answers.com,502-397-0347,true,KY,Suite 94,"tD8'N5JM_QEw<,",Dutch,cgarriock8n
313,Carroll,Dunthorne,cdunthorne8o@yahoo.com,405-385-1843,true,OK,PO Box 48377,kG0\r&/=,Georgian,cdunthorne8o
314,Glyn,Mitrikhin,gmitrikhin8p@webs.com,609-840-6312,true,NJ,Apt 1550,tB0?B0\'An?}pvx/,Hebrew,gmitrikhin8p
315,Jarrett,Ingold,jingold8q@sina.com.cn,214-742-1629,true,TX,Suite 79,uT0#Mm|.9h'Z|}1},Telugu,jingold8q
316,Murry,Kissock,mkissock8r@networkadvertising.org,,true,VA,6th Floor,iZ7?YHSE,Quechua,mkissock8r
317,Merrilee,Daltrey,mdaltrey8s@buzzfeed.com,813-406-6951,true,FL,PO Box 25889,pK9_n\FYEnO,Tetum,mdaltrey8s
318,Jeniece,Dennes,jdennes8t@surveymonkey.com,850-737-0044,true,FL,Suite 5,"iI9""!_~S%G~>}",Haitian Creole,jdennes8t
319,Alfy,Vannozzii,avannozzii8u@bing.com,210-922-9452,true,TX,Apt 1139,uK7'fi>iTFf!RE&x,Armenian,avannozzii8u
320,Luce,Downton,ldownton8v@ucsd.edu,804-884-6195,false,VA,Room 1185,tO3=o+x_{Lpl,Kurdish,ldownton8v
321,Ulrich,Cornhill,ucornhill8w@hexun.com,202-328-9451,true,DC,Room 198,"iW3'l%Iv4ljGB""U",Icelandic,ucornhill8w
322,Muire,Gritten,mgritten8x@etsy.com,804-258-5635,true,VA,8th Floor,hH2?vjk`h`!?U!($,Catalan,mgritten8x
323,Bobbye,Nussey,bnussey8y@dyndns.org,213-866-7773,false,CA,Apt 1274,"fO5#ep""PLZxo!",Malagasy,bnussey8y
324,Phyllida,Gladstone,pgladstone8z@soup.io,559-377-2102,false,CA,Room 887,tF6_/l#r,Czech,pgladstone8z
325,Vitoria,Pettit,vpettit90@nasa.gov,757-460-6187,true,VA,Suite 3,"nC7?M9eu0FLK""",Bislama,vpettit90
326,Binny,West,bwest91@paypal.com,802-273-7230,false,VT,PO Box 13896,nF8>Ti/b62A,Afrikaans,bwest91
327,Fifine,Mancell,fmancell92@un.org,330-906-4704,true,OH,20th Floor,gV8{sL'B\,Kurdish,fmancell92
328,Valera,Thorlby,vthorlby93@opensource.org,812-248-9511,false,IN,Apt 1816,"rV4,n+3t",Pashto,vthorlby93
329,Elwyn,Como,ecomo94@amazon.de,205-395-1652,true,AL,Suite 36,jT1_%rN#aZy)/k,Greek,ecomo94
330,Gavrielle,Wilcott,gwilcott95@barnesandnoble.com,,false,OK,Suite 36,aG6>I31kE7E\Zh,Dutch,gwilcott95
331,Glori,Fockes,gfockes96@exblog.jp,,false,CO,Suite 78,eU5(+_)@S0,Telugu,gfockes96
332,Devan,Dugall,ddugall97@bandcamp.com,208-417-2731,true,ID,PO Box 98764,sQ9)lEuV,Amharic,ddugall97
333,Gilligan,Finlaison,gfinlaison98@scribd.com,818-654-1472,false,CA,Apt 1666,qZ0<h6k@`94,Kurdish,gfinlaison98
334,Amalle,O'Carroll,aocarroll99@i2i.jp,415-141-5266,true,CA,PO Box 62279,hX6\ZtS1JM+,Kannada,aocarroll99
335,Butch,Tebbutt,btebbutt9a@elpais.com,865-864-0382,false,TN,20th Floor,uZ7+@x.9YwDNN,Burmese,btebbutt9a
336,Stefania,Schimmang,sschimmang9b@g.co,901-470-9869,true,TN,Apt 721,pK9'i>)yf&g,Ndebele,sschimmang9b
337,Leroi,Hunn,lhunn9c@booking.com,864-252-6490,false,SC,Room 226,yN1{>Yw}!Gw*(6,Bulgarian,lhunn9c
338,Sayres,Candish,scandish9d@abc.net.au,713-750-5560,false,TX,Apt 1183,fF6=hC8MuNb,Montenegrin,scandish9d
339,Debora,Keddie,dkeddie9e@biblegateway.com,330-384-8778,false,OH,Room 116,aV4`beD7{j8$tvk9,Dzongkha,dkeddie9e
340,Maris,Antliff,mantliff9f@redcross.org,651-603-6209,false,MN,Apt 383,pY6/lXMf@,Marathi,mantliff9f
341,Anastasia,Rustman,arustman9g@histats.com,301-389-7686,true,MD,PO Box 24823,"wZ9'""Pyw8.s}",Hebrew,arustman9g
342,Thibaut,Coldrick,tcoldrick9h@dmoz.org,724-125-6012,true,PA,Apt 414,lF5<OKNyk,Telugu,tcoldrick9h
343,Nelia,Hendron,nhendron9i@sun.com,570-323-0103,false,PA,17th Floor,kA5>\Q&UqH<m9F,Catalan,nhendron9i
344,Rockey,Spencley,rspencley9j@google.ru,573-630-0297,true,MO,Suite 28,kW5.loO{lN|vv\h,Malayalam,rspencley9j
345,Filide,Balsillie,fbalsillie9k@china.com.cn,509-545-6799,false,WA,Suite 24,nW2?dpBZ?dXKM),Guaraní,fbalsillie9k
346,Laurens,Nelm,lnelm9l@myspace.com,405-622-3068,true,OK,Apt 1660,"cN4+,4jm.%SR",Catalan,lnelm9l
347,Udell,McGaugan,umcgaugan9m@behance.net,727-966-9143,false,FL,13th Floor,"cV4+OJ,i*mt",Danish,umcgaugan9m
348,Coleen,Clemendot,cclemendot9n@irs.gov,,false,IN,Room 1814,wD6+TVl/3j?,Tok Pisin,cclemendot9n
349,Fianna,Pidler,fpidler9o@psu.edu,318-745-3818,true,LA,Apt 1804,nV7+)~L/,Gujarati,fpidler9o
350,Caritta,Maryan,cmaryan9p@mail.ru,256-735-3661,false,AL,18th Floor,oT0}_W/Wi,,cmaryan9p
351,Ruddy,Reuther,rreuther9q@miitbeian.gov.cn,260-244-8356,true,IN,12th Floor,pK7@EdbTsa`ecg,Hiri Motu,rreuther9q
352,Debbie,Ramos,dramos9r@soup.io,404-819-6621,false,GA,PO Box 50054,zN2*ZPr~Yz?<0E,Swahili,dramos9r
353,Natty,Plowman,nplowman9s@sourceforge.net,619-272-9201,false,CA,Suite 94,sQ3%coP\@,Azeri,nplowman9s
354,Noemi,Sturt,nsturt9t@house.gov,,false,CA,Room 60,cQ2|`PGKz,Northern Sotho,nsturt9t
355,Monroe,Lille,mlille9u@dailymail.co.uk,913-636-0816,false,KS,Suite 100,fY0?>W?g,Bulgarian,mlille9u
356,Nollie,Purse,npurse9v@theatlantic.com,915-585-3681,true,TX,PO Box 82363,iT1%5I0O,Moldovan,npurse9v
357,Merrilee,McPheat,mmcpheat9w@mysql.com,419-991-9866,false,OH,PO Box 45847,tZ3'bq0lZG,Malayalam,mmcpheat9w
358,Nicolette,Voase,nvoase9x@joomla.org,412-466-9646,false,PA,Room 531,dJ7|HTT76L,Tok Pisin,nvoase9x
359,Carroll,Borrell,cborrell9y@odnoklassniki.ru,,false,TX,PO Box 79293,lH8'nhaGFBLKMV,Albanian,cborrell9y
360,Wolf,Gerber,wgerber9z@tumblr.com,203-746-6034,true,CT,Apt 1572,eK6/}ye`cm,Icelandic,wgerber9z
361,Kalie,Brok,kbroka0@blogtalkradio.com,412-373-1353,true,PA,PO Box 3920,eH7@KK$RBP(,Burmese,kbroka0
362,Shawn,Lace,slacea1@webnode.com,602-486-7511,true,AZ,Room 76,dU9!zBmj6B?S,Latvian,slacea1
363,Lazare,Brehat,lbrehata2@ucsd.edu,,false,NM,2nd Floor,"zZ3|,eYD~xg",Māori,lbrehata2
364,Murdoch,Vassman,mvassmana3@reddit.com,210-712-1235,true,TX,Apt 1237,oR4|0jM#,Tsonga,mvassmana3
365,Zebulon,Aimeric,zaimerica4@nifty.com,317-513-3334,false,IN,Suite 84,"nC4{D9YHn=fO,",Latvian,zaimerica4
366,Noemi,Cherrison,ncherrisona5@miitbeian.gov.cn,202-657-6405,false,DC,20th Floor,mG5<CS36gP&,Aymara,ncherrisona5
367,Pru,Davey,pdaveya6@chronoengine.com,813-503-1376,false,FL,13th Floor,"bI8|cN""nO",,pdaveya6
368,Elisabeth,Mellor,emellora7@google.com.br,202-195-5732,false,DC,10th Floor,xW7`Vnu|vc@,Bosnian,emellora7
369,Tomlin,McNicol,tmcnicola8@so-net.ne.jp,713-596-5425,false,TX,Suite 66,bO9>r3AkScbRk}0=,Kashmiri,tmcnicola8
370,Barde,Spyer,bspyera9@spiegel.de,415-594-1810,true,CA,Suite 100,"lU5""JlJ%",Tajik,bspyera9
371,Kippie,Tohill,ktohillaa@netlog.com,281-465-4845,true,TX,1st Floor,"jT3/RQZv,",New Zealand Sign Language,ktohillaa
372,Ambrosio,Mault,amaultab@google.cn,,true,LA,9th Floor,qV9|rrm6,Irish Gaelic,amaultab
373,Tanitansy,Somerbell,tsomerbellac@istockphoto.com,330-408-5276,true,OH,PO Box 12353,vI5=j&YUAw,,tsomerbellac
374,Lilith,Ledbetter,lledbetterad@census.gov,303-869-6255,true,CO,5th Floor,dA0`3DVA'#hwX,Catalan,lledbetterad
375,Raf,Verny,rvernyae@fastcompany.com,612-499-6820,false,MN,Suite 73,zX4}GDPU9YNo6TP,Estonian,rvernyae
376,Minta,Gypson,mgypsonaf@yandex.ru,716-679-1958,true,NY,12th Floor,"rP1*""hyO6PJN}`*Y",Kannada,mgypsonaf
377,Claudette,Huttley,chuttleyag@privacy.gov.au,517-574-9923,true,MI,19th Floor,qF9{!4EuiB{,Luxembourgish,chuttleyag
378,Karina,Cavanagh,kcavanaghah@biblegateway.com,,true,CA,10th Floor,iW8`$%0+o$kI,Pashto,kcavanaghah
379,Vania,Annesley,vannesleyai@virginia.edu,512-742-8347,true,TX,Apt 168,rY2(f*Y16x)}ow,Polish,vannesleyai
380,Debbi,Telezhkin,dtelezhkinaj@cmu.edu,713-423-1615,true,TX,Suite 87,qQ2)80rbT9s,Polish,dtelezhkinaj
381,Hilde,Rossin,hrossinak@constantcontact.com,916-609-8368,true,CA,8th Floor,bD5_6y<}gs5AIOPr,Gagauz,hrossinak
382,Dagny,Langmead,dlangmeadal@prnewswire.com,562-170-7148,true,CA,Apt 1710,aJ0=#@4QDUs!,Romanian,dlangmeadal
383,Jolie,Harpham,jharphamam@aboutads.info,,true,OH,Suite 84,iY5`Wx!_g#,Hungarian,jharphamam
384,Madel,McConnal,mmcconnalan@ibm.com,772-967-7146,true,FL,Suite 14,xZ5)Kh4?/H,Kashmiri,mmcconnalan
385,Roberta,Haston,rhastonao@sciencedaily.com,704-748-3756,false,NC,PO Box 26933,iH5~4E=dy_,Somali,rhastonao
386,Daryn,Tommen,dtommenap@pcworld.com,917-693-4288,false,NY,PO Box 41700,uB8#kQnL,Lithuanian,dtommenap
387,Maxim,Innman,minnmanaq@jugem.jp,704-955-4810,true,NC,Suite 91,"hH6*""$Yx+LP_?",English,minnmanaq
388,Onfroi,Scown,oscownar@msu.edu,917-946-1979,false,NY,Suite 4,"vV4,b#)YUidT",Gagauz,oscownar
389,Chaim,Ronchka,cronchkaas@slashdot.org,214-952-3179,true,TX,PO Box 67331,tL5>fdmB6fibpRB,Croatian,cronchkaas
390,Clarance,Westphal,cwestphalat@goo.gl,304-131-2329,true,WV,Apt 128,kY5.ZZE?9PYzb,Gagauz,cwestphalat
391,Barclay,Robbeke,brobbekeau@webnode.com,312-294-9879,false,IL,Room 839,"gV6$4MGc/Pyw""",Tok Pisin,brobbekeau
392,Shermy,Codner,scodnerav@google.ca,,false,PA,Suite 44,dC4#Lu0?xq<Hwv,Macedonian,scodnerav
393,Rhiamon,Mongenot,rmongenotaw@guardian.co.uk,571-887-2175,true,VA,17th Floor,aT2`hf_IT+,Mongolian,rmongenotaw
394,Dani,Jakubovski,djakubovskiax@illinois.edu,815-467-2064,true,IL,Apt 105,rP2'tLKlI5f69m,Arabic,djakubovskiax
395,Julie,d'Escoffier,jdescoffieray@fotki.com,,true,AK,PO Box 4670,uE1!~4>EQB}Zp,Montenegrin,jdescoffieray
396,Shoshanna,Gellately,sgellatelyaz@businesswire.com,860-390-5564,false,CT,Suite 27,wW8@FfA}|CDDssRX,Assamese,sgellatelyaz
397,Michale,Tooher,mtooherb0@360.cn,951-989-3737,true,CA,Suite 26,kY5+hM!X9_PY,Belarusian,mtooherb0
398,Cleavland,Khomich,ckhomichb1@mtv.com,,false,NY,PO Box 92774,wU8`vzx<,Malay,ckhomichb1
399,Yardley,Espy,yespyb2@slideshare.net,503-262-0935,true,OR,Room 558,"aI6@6_LLS8mv""z59",Bengali,yespyb2
400,Grady,Januszewicz,gjanuszewiczb3@51.la,516-304-2604,false,NY,PO Box 20673,sH8|rie8?Vu7`9>w,West Frisian,gjanuszewiczb3
401,Ive,Shills,ishillsb4@ibm.com,731-469-2435,false,TN,Room 1253,aX7%cPo5>O,Albanian,ishillsb4
402,Aldridge,Kemmer,akemmerb5@china.com.cn,,true,NC,Room 1160,nE4&kZ%d,,akemmerb5
403,Kin,Rucklidge,krucklidgeb6@google.nl,704-940-4985,true,NC,PO Box 96379,yR7`h0$kN2|,Albanian,krucklidgeb6
404,Allan,Horley,ahorleyb7@slideshare.net,816-859-1348,true,MO,5th Floor,"fL9!\""pvf",French,ahorleyb7
405,Margery,Cradoc,mcradocb8@jalbum.net,402-757-0826,false,NE,PO Box 80591,kV3.@ltVU>,Armenian,mcradocb8
406,Rosco,Gittings,rgittingsb9@miitbeian.gov.cn,,false,TN,Apt 1267,vJ2%r).jE`y*V?O#,Croatian,rgittingsb9
407,Guenna,Brach,gbrachba@google.nl,,true,TX,Apt 290,jX1'4K=Q4}feP,Persian,gbrachba
408,Hadria,Sandbrook,hsandbrookbb@guardian.co.uk,229-973-5915,false,GA,Room 1275,bM4.'{G0,Malagasy,hsandbrookbb
409,Barty,Izaks,bizaksbc@shutterfly.com,941-916-3762,true,FL,4th Floor,"kO7.}%d,Uk!_S<YT",Azeri,bizaksbc
410,Stormie,Balderstone,sbalderstonebd@chronoengine.com,513-149-6113,false,OH,Room 1671,wC4@&bkx,Montenegrin,sbalderstonebd
411,Kati,Lambourne,klambournebe@e-recht24.de,,true,CA,Apt 737,tJ0\&G16D=ft,Filipino,klambournebe
412,Madalena,Eltun,meltunbf@mit.edu,912-875-6425,true,GA,Apt 1371,pM9<Gt>LQ.NV>,Gagauz,meltunbf
413,Berte,Pearsall,bpearsallbg@yandex.ru,860-620-4574,false,CT,Apt 10,kB0+$?J0,Tsonga,bpearsallbg
414,Hollyanne,Daniele,hdanielebh@networkadvertising.org,757-893-3457,true,VA,Room 792,aU4\\dM|v,Papiamento,hdanielebh
415,Zak,Kibby,zkibbybi@ihg.com,425-179-8956,true,WA,Apt 1629,wH2'9#N9Z.gHdcxK,Albanian,zkibbybi
416,Norina,Cauthra,ncauthrabj@drupal.org,816-609-5832,false,KS,Room 1051,gZ9%J<v6'iX,Armenian,ncauthrabj
417,Ring,Tomson,rtomsonbk@unblog.fr,202-949-6517,true,DC,Room 393,kN1@F7#|gt~Tt,Tsonga,rtomsonbk
418,Meagan,Bonefant,mbonefantbl@123-reg.co.uk,410-166-0390,false,MD,PO Box 89078,"yG3`#,r'79>Ot",Spanish,mbonefantbl
419,Stinky,Benzi,sbenzibm@eepurl.com,530-587-5717,false,CA,Apt 410,"wJ8@FMFsu,",Hebrew,sbenzibm
420,Avrom,Cathersides,acathersidesbn@bloglovin.com,816-505-7343,false,MO,PO Box 97101,"fF3`w""P.X2HF?8",Arabic,acathersidesbn
421,Malvina,Munday,mmundaybo@opera.com,425-321-4727,false,WA,7th Floor,"sK1,rh3t=,.O9fp",Tsonga,mmundaybo
422,Roman,Raffan,rraffanbp@amazon.de,304-561-9153,true,WV,PO Box 40142,cG4`<<75,Armenian,rraffanbp
423,Adrianne,Kiossel,akiosselbq@theatlantic.com,559-707-0486,false,CA,10th Floor,lG8`SI?{037W,Hiri Motu,akiosselbq
424,Sollie,Harhoff,sharhoffbr@va.gov,319-816-5142,true,IA,Room 687,cM9{=Hx31Vj`sX,Sotho,sharhoffbr
425,Lorelle,Roskelley,lroskelleybs@alibaba.com,,true,GA,Apt 751,"uX0?<\$,",Filipino,lroskelleybs
426,Chere,Kirman,ckirmanbt@domainmarket.com,615-517-1704,false,TN,Apt 889,xE1@5~MgHpMDAh,Azeri,ckirmanbt
427,Midge,Valentine,mvalentinebu@de.vu,309-523-6548,true,IL,7th Floor,pR8=TYLd6ZiV`,Indonesian,mvalentinebu
428,Ellerey,Tolman,etolmanbv@ucla.edu,,false,TX,PO Box 22465,kZ4\KC@u8#=8b4x3,Kurdish,etolmanbv
429,Barrett,Bertlin,bbertlinbw@msu.edu,801-419-6612,false,UT,Apt 234,"uF7,/WI@>7.?{b",Zulu,bbertlinbw
430,Thomasine,Bernot,tbernotbx@npr.org,860-274-8193,false,CT,12th Floor,eX0@8Xx|(zihWzY*,,tbernotbx
431,Osmond,McDiarmid,omcdiarmidby@mlb.com,601-426-9827,true,MS,PO Box 16303,"kD3.9XCi%1Tr<?/""",West Frisian,omcdiarmidby
432,Carmelle,Fabler,cfablerbz@google.co.jp,513-501-9846,true,OH,Apt 735,wD5.{4LcH,Estonian,cfablerbz
433,Abigael,Shorten,ashortenc0@simplemachines.org,571-531-0389,false,VA,6th Floor,hE9?5&N.AwH_Hm,Catalan,ashortenc0
434,Ashla,Ollerearnshaw,aollerearnshawc1@timesonline.co.uk,719-965-2648,false,CO,PO Box 65898,aK9!mmIeKb'_O8,Arabic,aollerearnshawc1
435,Demetri,Stamp,dstampc2@mysql.com,309-392-4901,false,IL,Suite 37,qV9+n~y3|J$L8r3,Guaraní,dstampc2
436,Charmain,Gostling,cgostlingc3@blinklist.com,,true,KY,1st Floor,uH3__bdZlg,Hungarian,cgostlingc3
437,Witty,Kinrade,wkinradec4@arizona.edu,973-622-9146,false,NJ,Apt 874,"dY1@6,#Kx(",Armenian,wkinradec4
438,Timofei,Beetham,tbeethamc5@dailymotion.com,952-850-3724,false,MN,PO Box 4395,xS2#&+iT(cqHY8{,Malagasy,tbeethamc5
439,Meade,Berrecloth,mberreclothc6@harvard.edu,310-548-6079,false,CA,Room 607,xK8(vZ0yo39b7W_,Portuguese,mberreclothc6
440,Gorden,Extil,gextilc7@latimes.com,,false,CA,Room 1365,"fF2/O~='`,",Indonesian,gextilc7
441,Dolores,Blaycock,dblaycockc8@purevolume.com,310-678-8457,true,CA,Suite 71,qV1~?5+3Zk'Yhx,Tetum,dblaycockc8
442,Borden,Dabels,bdabelsc9@gravatar.com,214-508-3904,false,TX,Apt 1358,kZ4#O0teA!m4kH,Assamese,bdabelsc9
443,Manolo,Teesdale,mteesdaleca@hhs.gov,843-876-8560,true,SC,Room 1901,iL8`Ho9m*,Dari,mteesdaleca
444,Oby,Coombe,ocoombecb@zdnet.com,904-186-5051,false,FL,Apt 1361,nY0*CH3iXt,Kannada,ocoombecb
445,Maurizio,Butchers,mbutcherscc@google.pl,816-945-9051,true,MO,PO Box 36370,sL8!tb}@nk,Kazakh,mbutcherscc
446,Kendall,Norvell,knorvellcd@senate.gov,409-426-8223,true,TX,6th Floor,"dF3,0xLV/|otdTD",Lao,knorvellcd
447,Silas,MacMillan,smacmillance@omniture.com,323-919-8390,false,CA,Suite 53,wV7=5Kp_<%,Norwegian,smacmillance
448,Dom,Skerm,dskermcf@yolasite.com,267-853-4381,true,PA,Suite 57,qN7)gaRv,Pashto,dskermcf
449,Ab,McKearnen,amckearnencg@a8.net,713-769-4620,true,TX,Apt 786,yF0.6AfIwg2!wW$#,Tajik,amckearnencg
450,Anson,Matz,amatzch@chron.com,919-621-0120,false,NC,Apt 771,rQ9$<|pe7D,Swedish,amatzch
451,Rudiger,Pardew,rpardewci@ycombinator.com,702-861-7830,false,NV,PO Box 92779,xU2&YR'*Qj6c,Tamil,rpardewci
452,Marika,Rivers,mriverscj@bluehost.com,704-427-8459,true,NC,Suite 77,dC3<*D69)k>`@,Telugu,mriverscj
453,Goldia,Berks,gberksck@huffingtonpost.com,,true,KS,Apt 1131,"fL8,V3f&",Norwegian,gberksck
454,Colan,Wallenger,cwallengercl@hostgator.com,614-385-6376,false,OH,Suite 81,zX9_WXAD?CB=*,Yiddish,cwallengercl
455,Ros,Rulton,rrultoncm@youku.com,,false,NC,Suite 78,gI0%tdu2m?*UM,Malagasy,rrultoncm
456,Nanete,Philippeaux,nphilippeauxcn@harvard.edu,918-945-4086,true,OK,13th Floor,kE0`jO{@I)Rhkh@4,Amharic,nphilippeauxcn
457,Chico,Coverly,ccoverlyco@seattletimes.com,413-654-6610,false,MA,PO Box 24880,"tK8}g,9lK$f**",Thai,ccoverlyco
458,Amanda,Foord,afoordcp@domainmarket.com,812-380-0538,false,IN,PO Box 75945,jW2%Doc#>S(G,Tajik,afoordcp
459,Emmy,Smitton,esmittoncq@hubpages.com,405-365-0496,true,OK,Apt 107,wZ4>oKZ\`,Greek,esmittoncq
460,Floyd,Perrycost,fperrycostcr@digg.com,405-486-3135,false,OK,Room 1607,cJ4'+Xx|6G8&,Punjabi,fperrycostcr
461,Sauveur,Cleminson,scleminsoncs@businesswire.com,,true,WV,Suite 57,"qZ1,Y3yj='`}zz",Thai,scleminsoncs
462,Dion,Grunnill,dgrunnillct@eventbrite.com,323-545-6144,false,CA,Suite 61,cR0=9hsLQ,Moldovan,dgrunnillct
463,Caitrin,Reding,credingcu@mtv.com,615-845-0512,true,TN,Room 1188,"tN5,+16dpKb0\F",Hungarian,credingcu
464,Gilligan,Harbidge,gharbidgecv@rambler.ru,513-471-8491,false,OH,Suite 17,cR0\*K}'Bhq,Fijian,gharbidgecv
465,Justine,Buddock,jbuddockcw@ameblo.jp,412-997-4448,true,PA,Suite 68,eU3%}_Cw$gi,West Frisian,jbuddockcw
466,Deva,Kersaw,dkersawcx@jugem.jp,212-519-9015,false,NY,Room 1100,nB6%e.UQ5IAB.`W~,Arabic,dkersawcx
467,Ferris,Jaynes,fjaynescy@illinois.edu,,true,AL,Apt 1438,kL0`l{RZr7)eB,Latvian,fjaynescy
468,Jaquenetta,Daburn,jdaburncz@china.com.cn,316-522-5770,true,KS,Suite 86,dJ2#ZW7r3,Gagauz,jdaburncz
469,Berty,Allison,ballisond0@google.de,941-460-3813,false,FL,4th Floor,"hN8=sBL""bFo",Chinese,ballisond0
470,Tadeas,Hansed,thansedd1@gnu.org,816-837-7040,false,MO,PO Box 68484,pS3\xa_)uxJyH)Et,Korean,thansedd1
471,Koral,Tettersell,ktetterselld2@cbsnews.com,813-327-8987,true,FL,Suite 15,oJ5&+CA!/fQajf,Telugu,ktetterselld2
472,Fons,Caulkett,fcaulkettd3@domainmarket.com,907-573-0754,true,AK,Apt 1154,iF0$|B<`,New Zealand Sign Language,fcaulkettd3
473,Cletus,McBrier,cmcbrierd4@sakura.ne.jp,703-252-7814,false,VA,Room 883,"zC7'MU<C""n/",Fijian,cmcbrierd4
474,Annmaria,Foulcher,afoulcherd5@example.com,202-220-8822,true,DC,Suite 77,mX8!)Vx.zAvvfO,Northern Sotho,afoulcherd5
475,Giovanni,Sherville,gshervilled6@51.la,,true,GA,Room 1704,zU8{5.TQ_O(Y,Irish Gaelic,gshervilled6
476,Bobbie,Foker,bfokerd7@chron.com,804-121-4704,false,VA,Suite 68,"jJ5!ek+""m""JxN",Hiri Motu,bfokerd7
477,Elle,Garz,egarzd8@un.org,814-199-4603,false,PA,Room 137,bU0+spn}dp,Irish Gaelic,egarzd8
478,Skipp,Dadswell,sdadswelld9@plala.or.jp,,false,ID,Apt 858,dD4*B@t$xGC<)p7,Armenian,sdadswelld9
479,Willdon,Asher,washerda@unesco.org,210-767-7900,false,TX,7th Floor,hM7~yW6lbHK,Somali,washerda
480,Bank,McCreadie,bmccreadiedb@friendfeed.com,,true,DC,PO Box 59671,pF5>w7\XvZR,Oriya,bmccreadiedb
481,Nomi,Carous,ncarousdc@ehow.com,919-503-5856,true,NC,8th Floor,tY8&*wH/,Bislama,ncarousdc
482,Doe,Ellul,delluldd@yale.edu,727-325-0199,false,FL,Suite 40,cN5|cftj,Khmer,delluldd
483,Jdavie,Pring,jpringde@pagesperso-orange.fr,,true,LA,Room 1278,yE3`Cwseic%nan,Indonesian,jpringde
484,Mitchael,Conn,mconndf@kickstarter.com,989-526-8469,true,MI,PO Box 48827,cR0*i%F#f,Estonian,mconndf
485,Aarika,Beaushaw,abeaushawdg@instagram.com,239-610-9900,true,FL,19th Floor,zT7+'yU?}'{,Luxembourgish,abeaushawdg
486,Burl,Boughey,bbougheydh@github.com,903-737-8171,false,TX,Room 881,cX1*)zTSKLmFVyg,Bislama,bbougheydh
487,Kaiser,Burgot,kburgotdi@about.com,915-812-4681,true,TX,9th Floor,fQ5>p4d_CN4{`TeH,Afrikaans,kburgotdi
488,Casper,Ohrt,cohrtdj@sogou.com,920-592-8183,false,WI,9th Floor,jL7$4<\!,Ndebele,cohrtdj
489,Lizette,Hardway,lhardwaydk@statcounter.com,805-870-8121,true,CA,Room 513,oR3`JMz\C'O,Northern Sotho,lhardwaydk
490,Clem,Piatti,cpiattidl@hibu.com,505-241-4435,false,NM,Room 369,cJ7??<*lo.oE'&C{,Kashmiri,cpiattidl
491,Josee,Sivell,jsivelldm@booking.com,,true,FL,5th Floor,gF9)KkASG,Belarusian,jsivelldm
492,Elwyn,McTeer,emcteerdn@w3.org,318-839-8961,true,LA,Apt 1340,eG5!a=at=M,Aymara,emcteerdn
493,Julee,Ghelardi,jghelardido@t-online.de,,true,FL,PO Box 33700,pK1@y4.B+,Albanian,jghelardido
494,Dawna,Willgress,dwillgressdp@buzzfeed.com,414-293-4902,true,WI,Room 1450,uN6\?~Va{,Burmese,dwillgressdp
495,Wilmar,Bicknell,wbicknelldq@deliciousdays.com,917-782-6659,false,NY,PO Box 18702,pX1(mY=N=WV*(q,Korean,wbicknelldq
496,Janis,Fairlamb,jfairlambdr@pinterest.com,339-215-2507,false,MA,Suite 61,dR3$Zq4+Wb,Albanian,jfairlambdr
497,Link,Linskey,llinskeyds@jiathis.com,,true,SC,Suite 31,eP8=~K&QlKezn61,Persian,llinskeyds
498,Conn,Handford,chandforddt@yelp.com,202-312-0738,false,DC,PO Box 58990,bH3.+{%uQZ&=ay8H,Hindi,chandforddt
499,Carlina,Helstrom,chelstromdu@amazon.com,304-382-8245,true,WV,Room 851,"nR5&%`I{,x<6|e9E",Gagauz,chelstromdu
500,Karl,Merdew,kmerdewdv@google.es,941-158-0528,false,FL,Suite 83,pZ6.=UwP|zj,Swedish,kmerdewdv
