id,first_name,last_name,email,phone_number,email_opt_in,phone_opt_in,state
1,Angie,Bawle,abawle0@bravesites.com,3091072192,true,true,IL
2,Morgana,Raithbie,mraithbie1@blogspot.com,3366955058,true,true,NC
3,Maegan,Hillyatt,mhillyatt2@is.gd,5012891124,true,false,AR
4,Barthel,Rapier,brapier3@microsoft.com,4051966056,false,false,OK
5,Hyacintha,Wakeley,hwakeley4@amazon.co.jp,5189791283,false,false,NY
6,Maire,Elsy,melsy5@japanpost.jp,3209050738,false,true,MN
7,Cloe,Kalker,ckalker6@taobao.com,7635412339,false,true,MN
8,Ashleigh,Hastwall,ahastwall7@house.gov,7013572371,false,false,ND
9,Becca,Plumbridge,bplumbridge8@istockphoto.com,5718678979,false,false,VA
10,Debor,Burless,dburless9@washington.edu,2169847525,true,true,OH
11,Dominic,Ughini,dughinia@washington.edu,3478454877,false,true,NY
12,Brigid,Sempill,bsempillb@newsvine.com,7181324994,false,true,NY
13,Saul,Dugood,sdugoodc@mail.ru,9547981326,false,false,FL
14,Mathew,Bosomworth,mbosomworthd@slate.com,5705783275,true,true,PA
15,Karyn,Cozby,kcozbye@homestead.com,3021055544,true,false,DE
16,Delmar,Boylund,dboylundf@jugem.jp,7868671702,true,true,FL
17,Sutton,Hannaway,shannawayg@huffingtonpost.com,8048777671,true,true,VA
18,Bernice,Sayre,bsayreh@kickstarter.com,5851760204,true,true,NY
19,Calv,Lackmann,clackmanni@nytimes.com,8164340362,false,true,MO
20,Kingsley,Saby,ksabyj@ehow.com,9135342052,false,true,KS
21,Harriet,Muckersie,hmuckersiek@ustream.tv,6263413873,true,true,CA
22,Claudianus,McAvaddy,cmcavaddyl@yellowbook.com,6015521210,true,false,MS
23,Base,Ramirez,bramirezm@com.com,7542045664,false,false,FL
24,Trip,Duval,tduvaln@sciencedirect.com,6172664359,true,false,MA
25,Brigitta,De Gogay,bdegogayo@feedburner.com,5126961404,true,true,TX
26,Trumann,Ivins,tivinsp@unesco.org,5131887614,true,false,OH
27,Verina,Ead,veadq@angelfire.com,5106977158,false,true,CA
28,Murray,Antrack,mantrackr@narod.ru,6125351324,false,false,MN
29,Tadio,Schneider,tschneiders@networksolutions.com,2027869361,false,false,DC
30,Patty,Ughelli,pughellit@shop-pro.jp,2814819621,true,true,TX
31,Heriberto,Frame,hframeu@home.pl,8594219385,true,true,KY
32,Delmar,Wyon,dwyonv@photobucket.com,2149995960,true,true,TX
33,Port,Pariso,pparisow@prlog.org,4026161162,false,true,NE
34,Mil,Vanner,mvannerx@mit.edu,2102624283,false,false,TX
35,Kiley,Schohier,kschohiery@over-blog.com,7138944384,false,false,TX
36,Courtnay,Pickover,cpickoverz@bravesites.com,5159104265,true,false,IA
37,Adrianna,Chaplyn,achaplyn10@webnode.com,2172014627,false,false,IL
38,Jo ann,Bach,jbach11@i2i.jp,8321283155,true,false,TX
39,Levon,Nys,lnys12@ow.ly,8061023444,false,false,TX
40,Clemens,Tejero,ctejero13@dell.com,5038701724,true,true,OR
41,Anatola,Hughman,ahughman14@slideshare.net,9255018095,true,true,CA
42,Zedekiah,Gwilt,zgwilt15@list-manage.com,5099837887,true,true,WA
43,Katee,Manston,kmanston16@eepurl.com,4156350272,true,true,CA
44,Jerrilyn,Canning,jcanning17@shop-pro.jp,4078905668,false,false,FL
45,Mick,Epps,mepps18@dagondesign.com,3164711901,true,false,KS
46,Lyndsie,Conwell,lconwell19@artisteer.com,2021808623,false,false,DC
47,Maisie,Stockall,mstockall1a@about.com,7044392659,false,true,NC
48,Paulie,Lowman,plowman1b@tuttocitta.it,5164518561,true,false,NY
49,Gabby,Haldon,ghaldon1c@dyndns.org,2604067936,true,false,IN
50,Elroy,Udey,eudey1d@a8.net,2124676014,true,false,NY
51,Camella,Bolgar,cbolgar1e@sciencedirect.com,7721520262,true,false,FL
52,Gill,Springell,gspringell1f@friendfeed.com,7638075339,false,true,MN
53,Gay,Chretien,gchretien1g@over-blog.com,7852948831,true,false,KS
54,Arlin,Hendriksen,ahendriksen1h@webnode.com,6142684064,false,true,OH
55,Theresina,Tidball,ttidball1i@domainmarket.com,7134013998,true,false,TX
56,Aurelia,Borgnol,aborgnol1j@github.com,2035904535,true,false,CT
57,Lorettalorna,Cogswell,lcogswell1k@ebay.com,3366588691,false,true,NC
58,Elvira,Garken,egarken1l@arstechnica.com,8608447013,false,false,CT
59,Arnold,Magner,amagner1m@about.com,9514209838,true,true,CA
60,Branden,Whittaker,bwhittaker1n@wordpress.org,5616719415,true,false,FL
61,Zandra,Pollicott,zpollicott1o@yahoo.co.jp,3347300013,true,true,AL
62,Lorie,le Keux,llekeux1p@mac.com,8044391937,true,true,VA
63,Sharleen,MacNelly,smacnelly1q@devhub.com,9375220985,false,true,OH
64,Lolly,Westby,lwestby1r@discovery.com,2027531363,false,true,DC
65,Persis,Vinden,pvinden1s@cloudflare.com,9413362393,true,false,FL
66,Correy,Varlow,cvarlow1t@mayoclinic.com,8045511341,false,false,VA
67,Dodie,Dunthorn,ddunthorn1u@tmall.com,6145528094,false,true,OH
68,Geoffry,Grestie,ggrestie1v@xinhuanet.com,6266823905,false,false,CA
69,Dehlia,Barlas,dbarlas1w@jimdo.com,5054793838,false,true,NM
70,Rosalie,Donizeau,rdonizeau1x@barnesandnoble.com,5716965376,false,false,VA
71,Melva,Greason,mgreason1y@oracle.com,5122859533,false,true,TX
72,Tilly,Kubicek,tkubicek1z@tinyurl.com,2123703965,false,false,NY
73,Teddie,Ateridge,tateridge20@ibm.com,6031349743,false,false,NH
74,Philomena,Ammer,pammer21@amazon.de,2155825065,false,false,PA
75,Elka,Nannizzi,enannizzi22@usa.gov,5127804434,true,false,TX
76,Rhianon,Espadater,respadater23@gov.uk,5154905786,false,true,IA
77,Joya,Angier,jangier24@howstuffworks.com,2171026299,true,false,IL
78,Verne,Pennick,vpennick25@ovh.net,2403831830,true,true,MD
79,Tulley,Bramont,tbramont26@xing.com,2104228870,false,true,TX
80,Valentino,Anton,vanton27@ihg.com,4043597365,true,false,GA
81,George,Clayal,gclayal28@4shared.com,9185072757,true,false,OK
82,Debera,Tampling,dtampling29@walmart.com,4125055269,true,true,PA
83,Salomi,Patty,spatty2a@nba.com,2025337739,false,false,DC
84,Shalna,Hawney,shawney2b@businessweek.com,9788455308,false,false,MA
85,Bekki,Di Giacomettino,bdigiacomettino2c@squarespace.com,7549686674,true,true,FL
86,Clarine,Leirmonth,cleirmonth2d@moonfruit.com,7044452584,true,true,NC
87,Basile,Benyan,bbenyan2e@ft.com,9129343611,false,true,GA
88,Hamel,Dochon,hdochon2f@comcast.net,3171057184,true,false,IN
89,Alejandrina,Atteridge,aatteridge2g@economist.com,2143362274,true,true,TX
90,Loree,Borit,lborit2h@sbwire.com,5135425183,true,false,OH
91,Berkie,Cauldfield,bcauldfield2i@github.com,2144392312,false,false,TX
92,Gale,Nisby,gnisby2j@google.co.uk,7183541667,true,true,NY
93,Jeannette,Bellison,jbellison2k@sogou.com,3036660704,false,true,CO
94,Oren,Dallewater,odallewater2l@zimbio.com,6109983630,false,false,PA
95,Rebekah,Windrass,rwindrass2m@nature.com,7044298934,false,true,NC
96,Chucho,Smyley,csmyley2n@scientificamerican.com,7179788646,true,false,PA
97,Haven,Rhymes,hrhymes2o@ucoz.com,9201252565,false,false,WI
98,Mei,Elven,melven2p@blogs.com,4055656206,false,true,OK
99,Beau,Humerstone,bhumerstone2q@bravesites.com,9549939218,false,true,FL
100,Clemmie,Pietzker,cpietzker2r@indiatimes.com,6617795243,true,false,CA
101,Saul,Antonias,santonias2s@stumbleupon.com,7349817309,false,true,MI
102,Dolley,Mirando,dmirando2t@exblog.jp,3187125074,false,false,LA
103,Cordell,Mayworth,cmayworth2u@techcrunch.com,9401642575,true,true,TX
104,Barton,Pouton,bpouton2v@tinypic.com,3144645900,true,true,MO
105,Thorndike,MacTrustrie,tmactrustrie2w@pbs.org,9523200326,false,false,MN
106,Eli,McCourtie,emccourtie2x@disqus.com,9891930595,false,true,MI
107,Kassandra,Massard,kmassard2y@quantcast.com,8154980890,false,true,IL
108,Courtney,Griniov,cgriniov2z@hao123.com,7578012480,true,false,VA
109,Abramo,Dugald,adugald30@google.it,4123394000,true,false,PA
110,Tully,Meneghelli,tmeneghelli31@paginegialle.it,2148462745,true,false,TX
111,Hermione,Newberry,hnewberry32@forbes.com,4158440944,false,false,CA
112,Dominica,Edgcumbe,dedgcumbe33@sakura.ne.jp,3525924779,true,false,FL
113,Calv,Murrhardt,cmurrhardt34@kickstarter.com,9153830327,false,true,TX
114,Veda,Baxandall,vbaxandall35@washingtonpost.com,4232873183,true,false,TN
115,Art,McBride,amcbride36@geocities.jp,7546395725,true,true,FL
116,Eugenio,Bridges,ebridges37@facebook.com,5747077287,false,true,IN
117,Angelica,Rash,arash38@washington.edu,2148000829,true,true,TX
118,Miller,MacConnechie,mmacconnechie39@discuz.net,6128121932,true,true,MN
119,Bettina,Artinstall,bartinstall3a@mysql.com,3235585570,true,false,CA
120,Eldridge,Kinchin,ekinchin3b@ehow.com,8121953538,false,false,IN
121,Isador,Spinello,ispinello3c@nhs.uk,4046186341,true,true,GA
122,Heidi,Scheffel,hscheffel3d@squidoo.com,8504592890,false,true,FL
123,Modesty,Sarjant,msarjant3e@dailymail.co.uk,8017444568,true,true,UT
124,Alf,Dearsley,adearsley3f@livejournal.com,6033711987,true,false,NH
125,Ulrikaumeko,Zannini,uzannini3g@forbes.com,7131456134,false,false,TX
126,Brita,Kretchmer,bkretchmer3h@redcross.org,4053649052,true,true,OK
127,Arel,Schwandermann,aschwandermann3i@seattletimes.com,5014712989,true,false,AR
128,Gwenore,Pavic,gpavic3j@opera.com,6058465083,false,true,SD
129,Robinia,Halwill,rhalwill3k@samsung.com,2058749525,true,true,AL
130,Alaric,Bromell,abromell3l@wired.com,3135049256,false,false,MI
131,Nettle,Hasslocher,nhasslocher3m@cmu.edu,2021438079,true,true,DC
132,Jarrod,Walley,jwalley3n@mozilla.com,3154762433,true,true,NY
133,Gerhardine,Kyllford,gkyllford3o@irs.gov,5628418495,false,false,CA
134,Glenn,McCoughan,gmccoughan3p@mlb.com,2158635375,false,false,PA
135,Sollie,Tolhurst,stolhurst3q@un.org,9154377478,true,true,TX
136,Orsa,Polle,opolle3r@lulu.com,3618248884,false,false,TX
137,Obadias,Plowes,oplowes3s@tiny.cc,8599082626,true,true,KY
138,Arlana,Mainland,amainland3t@newyorker.com,3136159274,false,true,MI
139,Arnie,Arnett,aarnett3u@abc.net.au,9377186190,false,false,OH
140,Rourke,Pullin,rpullin3v@mapquest.com,6076753837,true,false,NY
141,Abelard,Greves,agreves3w@live.com,5749474828,false,false,IN
142,Rutherford,Delafoy,rdelafoy3x@soundcloud.com,5122688310,false,false,TX
143,Geri,Savory,gsavory3y@dropbox.com,3048961182,false,false,WV
144,Tomas,Binge,tbinge3z@ovh.net,6236843880,true,false,AZ
145,Daphne,Etchells,detchells40@princeton.edu,9858609218,false,false,LA
146,Aluino,Laidler,alaidler41@webeden.co.uk,3171155401,true,true,IN
147,Astrid,Whittles,awhittles42@fastcompany.com,4157975839,false,false,CA
148,Kimmie,Wedlake,kwedlake43@qq.com,9371724363,false,false,OH
149,Norby,Yanuk,nyanuk44@godaddy.com,5715277175,true,false,VA
150,Elvis,Scriver,escriver45@com.com,7144107162,true,true,CA
151,Arel,Noteyoung,anoteyoung46@nps.gov,3042119050,false,true,WV
152,Glenden,Rizzini,grizzini47@mac.com,3237639223,true,true,CA
153,Nickolai,Gleder,ngleder48@omniture.com,7048284592,false,false,NC
154,Wylie,Kennler,wkennler49@guardian.co.uk,8039136586,false,true,SC
155,Aimil,Brockie,abrockie4a@amazon.com,2023177211,false,true,DC
156,Sansone,Soppitt,ssoppitt4b@posterous.com,7191485529,true,false,CO
157,Aloisia,Easton,aeaston4c@timesonline.co.uk,3042763366,true,false,WV
158,Cart,Cantopher,ccantopher4d@joomla.org,2489458415,false,false,MI
159,Carley,Caulwell,ccaulwell4e@technorati.com,7577559593,true,false,VA
160,Agustin,Darmody,adarmody4f@infoseek.co.jp,4021909439,false,true,NE
161,Saundra,Corssen,scorssen4g@themeforest.net,8593581288,false,true,KY
162,Paco,Westnage,pwestnage4h@qq.com,5852932912,false,true,NY
163,Robers,Farmloe,rfarmloe4i@meetup.com,8067165837,true,false,TX
164,Mae,Spinola,mspinola4j@elegantthemes.com,4157964488,true,true,CA
165,Jinny,Sneaker,jsneaker4k@ow.ly,5626422927,false,false,CA
166,Kordula,Leel,kleel4l@seattletimes.com,8502527139,true,false,FL
167,Weider,Janjic,wjanjic4m@springer.com,6155740835,true,false,TN
168,Lloyd,Bamfield,lbamfield4n@imgur.com,8187196589,true,false,CA
169,Aubrey,O'Hartnedy,aohartnedy4o@php.net,7273029798,true,true,FL
170,Katie,Szymanzyk,kszymanzyk4p@wp.com,7185483925,false,false,NY
171,Libbi,Simon,lsimon4q@goodreads.com,5706997192,false,true,PA
172,Montague,Gamon,mgamon4r@netscape.com,2169685882,true,false,OH
173,Margot,Nellies,mnellies4s@simplemachines.org,7548626946,true,false,FL
174,Evvy,Matchett,ematchett4t@ehow.com,6782421628,true,false,GA
175,Cynthy,Cassley,ccassley4u@dailymotion.com,2022799014,true,true,DC
176,Lexis,Toffano,ltoffano4v@whitehouse.gov,2605415178,false,false,IN
177,Win,Spurdon,wspurdon4w@nhs.uk,9492462499,false,true,CA
178,Georgi,Condie,gcondie4x@unc.edu,2404047476,true,true,MD
179,Pearline,Habens,phabens4y@answers.com,7867738321,true,true,FL
180,Ania,Lies,alies4z@si.edu,9073280904,true,true,AK
181,Christopher,Minors,cminors50@hostgator.com,8652581997,false,true,TN
182,Jeremias,Sarfatti,jsarfatti51@wp.com,7577130543,false,true,VA
183,Emmie,Harmer,eharmer52@vinaora.com,5157212500,true,true,IA
184,Carley,Pomery,cpomery53@tinypic.com,8161737402,true,false,MO
185,Bronnie,Chennells,bchennells54@princeton.edu,5048655734,true,true,LA
186,Dalton,Kalb,dkalb55@omniture.com,9011902960,true,false,TN
187,Rudolph,Goodspeed,rgoodspeed56@51.la,9164147857,true,true,CA
188,Noble,Rudkin,nrudkin57@technorati.com,7735491533,false,true,IL
189,Koral,Trevillion,ktrevillion58@merriam-webster.com,2179764334,false,false,IL
190,Silva,Lisett,slisett59@usgs.gov,5012767173,true,false,AR
191,Julianna,Busson,jbusson5a@amazonaws.com,6264383817,true,false,CA
192,Spike,Inkle,sinkle5b@unc.edu,9049782546,true,false,FL
193,Lilas,Stilling,lstilling5c@ibm.com,8183739057,false,false,CA
194,Adrian,Willeman,awilleman5d@amazon.co.jp,3101622854,false,true,CA
195,Dougie,Chedgey,dchedgey5e@squidoo.com,3042111137,false,true,WV
196,Hazlett,Spare,hspare5f@deliciousdays.com,3046964221,false,true,WV
197,Esther,Carnell,ecarnell5g@cnn.com,3047425262,false,true,WV
198,Felizio,Cronk,fcronk5h@prweb.com,3165051988,true,false,KS
199,Selina,Cooke,scooke5i@scientificamerican.com,5043146538,false,false,LA
200,Dal,Crimmins,dcrimmins5j@ovh.net,7196449128,true,true,CO
201,Maryrose,Dewes,mdewes5k@goo.gl,5123159132,false,false,TX
202,Doti,Pryke,dpryke5l@tiny.cc,8185149635,false,false,CA
203,Beckie,Skerman,bskerman5m@cbslocal.com,4023175886,true,true,NE
204,Laurice,Aburrow,laburrow5n@vkontakte.ru,4136339679,true,true,MA
205,Farlie,Bercevelo,fbercevelo5o@deliciousdays.com,5028871720,true,false,KY
206,Jacky,MacColl,jmaccoll5p@uiuc.edu,7707223746,false,false,GA
207,Roze,Westover,rwestover5q@youtu.be,5121176612,true,true,TX
208,Madelon,Vlasov,mvlasov5r@java.com,5027064989,true,true,KY
209,Aidan,Blackman,ablackman5s@apache.org,8433745586,false,false,SC
210,Eden,Harfoot,eharfoot5t@desdev.cn,5201685441,false,false,AZ
211,Emelia,Caveney,ecaveney5u@dagondesign.com,8103935937,false,true,MI
212,Matias,Stodart,mstodart5v@amazon.de,5857100941,false,false,NY
213,Gerhardine,Went,gwent5w@1688.com,5166585356,false,true,NY
214,Forbes,Bellas,fbellas5x@skyrock.com,3029395251,true,true,DE
215,Maxy,Dengel,mdengel5y@google.cn,5055771432,true,true,NM
216,Aldwin,Fenton,afenton5z@imgur.com,8166561062,true,false,MO
217,Camellia,Atherley,catherley60@cargocollective.com,5127677893,false,true,TX
218,Wildon,Blazevic,wblazevic61@sphinn.com,7856661348,false,false,KS
219,Gates,Farish,gfarish62@joomla.org,7044446863,true,false,NC
220,Jonathon,Whittet,jwhittet63@yahoo.com,2059397422,false,true,AL
221,Cory,Tack,ctack64@engadget.com,5135693712,false,false,OH
222,Genevieve,Wrigglesworth,gwrigglesworth65@prweb.com,2033607123,false,true,CT
223,Eba,Sheldrake,esheldrake66@home.pl,9139885200,false,false,KS
224,Beitris,Whiterod,bwhiterod67@flavors.me,9168586835,true,false,CA
225,Selene,Franzoli,sfranzoli68@vistaprint.com,4252569945,false,true,WA
226,Brantley,Follacaro,bfollacaro69@hubpages.com,4434034870,true,true,MD
227,Abagael,Gibbard,agibbard6a@unc.edu,6148610887,true,false,OH
228,Bradney,Edgcombe,bedgcombe6b@about.com,8505034742,true,false,FL
229,Corinne,Ianson,cianson6c@163.com,2101714017,true,false,TX
230,Annabela,Ilden,ailden6d@sina.com.cn,3305762104,true,false,OH
231,Christy,Tytterton,ctytterton6e@intel.com,2038376142,true,true,CT
232,Catarina,Vuitton,cvuitton6f@vk.com,6141376040,false,false,OH
233,Ches,Fossick,cfossick6g@google.ru,2172026060,false,true,IL
234,Siward,Tink,stink6h@xrea.com,9012914349,true,true,TN
235,Paulette,Dykins,pdykins6i@hud.gov,8315279289,true,false,CA
236,Aurilia,Ferreres,aferreres6j@ca.gov,9077269583,true,true,AK
237,Aurea,Neenan,aneenan6k@lulu.com,7852477944,false,false,KS
238,Cissiee,Tern,ctern6l@indiatimes.com,6081801722,true,false,WI
239,Ferrel,Broadnicke,fbroadnicke6m@youtube.com,7634704474,false,false,MN
240,Lodovico,Lavarack,llavarack6n@over-blog.com,3049654646,true,true,WV
241,Shawn,Keegan,skeegan6o@miibeian.gov.cn,7049936829,false,true,NC
242,Leola,Cheers,lcheers6p@irs.gov,5862237587,false,true,MI
243,Roze,Roseborough,rroseborough6q@dion.ne.jp,2152100179,true,false,PA
244,Rawley,Whittek,rwhittek6r@wordpress.org,2188213991,false,true,MN
245,Bret,Nancarrow,bnancarrow6s@google.co.jp,7241017379,true,true,PA
246,Maire,Jenney,mjenney6t@hostgator.com,6127073609,true,false,MN
247,Ethelind,Marciskewski,emarciskewski6u@quantcast.com,3194493390,false,false,IA
248,Millie,Biaggioli,mbiaggioli6v@virginia.edu,9362235926,false,false,TX
249,Carrol,Diggons,cdiggons6w@i2i.jp,9154778374,true,false,TX
250,Clarabelle,Sykora,csykora6x@archive.org,2028620513,false,false,DC
251,Glenda,Domm,gdomm6y@msn.com,3607606244,true,false,WA
252,Eduard,Boullin,eboullin6z@yellowpages.com,5134909195,false,true,OH
253,Hagan,Twinberrow,htwinberrow70@lulu.com,4027993718,true,false,NE
254,Emmalynne,Campey,ecampey71@seesaa.net,7024537330,false,true,CA
255,Bertrand,Daice,bdaice72@mail.ru,9168388102,true,true,CA
256,Forster,Oertzen,foertzen73@gnu.org,6467597520,false,false,NY
257,Tyler,Eads,teads74@loc.gov,2056030335,true,true,AL
258,Broddy,Georghiou,bgeorghiou75@npr.org,4175796135,false,false,MO
259,Tomasina,Chamley,tchamley76@wufoo.com,2141489963,false,false,TX
260,Sidonnie,Willan,swillan77@themeforest.net,3232310647,true,false,CA
261,Austen,Pitrollo,apitrollo78@telegraph.co.uk,7605966432,false,false,CA
262,Paulie,Sibson,psibson79@china.com.cn,2511365437,true,false,AL
263,Baron,Arnolds,barnolds7a@indiatimes.com,7061553441,false,true,GA
264,Roxine,Lomasna,rlomasna7b@ucoz.com,3252338870,true,true,TX
265,Ann-marie,Commucci,acommucci7c@example.com,9046476801,true,true,FL
266,Vin,Nijssen,vnijssen7d@bbc.co.uk,9495028882,true,true,CA
267,Colleen,Penhaligon,cpenhaligon7e@nps.gov,3093713110,true,false,IL
268,Lorrie,Helliker,lhelliker7f@craigslist.org,2125690167,false,false,NY
269,Teri,Cheetham,tcheetham7g@xrea.com,8085127259,false,true,HI
270,Ailene,Giffaut,agiffaut7h@scientificamerican.com,3163986659,false,true,KS
271,Kendal,Bruton,kbruton7i@miitbeian.gov.cn,5185508637,true,true,NY
272,Aidan,Saunter,asaunter7j@omniture.com,4431245261,false,true,MD
273,Sherm,Rudram,srudram7k@google.com.br,8321012795,false,true,TX
274,Rhody,Rigby,rrigby7l@squarespace.com,8013872402,false,true,UT
275,Tommie,Fritchly,tfritchly7m@ow.ly,7651357093,false,true,IN
276,Harp,Pauls,hpauls7n@bluehost.com,3091741866,true,true,IL
277,Eadmund,Bachmann,ebachmann7o@mysql.com,9411659701,true,true,FL
278,Devon,Wakenshaw,dwakenshaw7p@sitemeter.com,3134501383,true,false,MI
279,Dory,Nutty,dnutty7q@dell.com,3131772515,true,true,MI
280,Salomo,Styche,sstyche7r@ucoz.ru,5599335658,false,true,CA
281,Bowie,Bullerwell,bbullerwell7s@youtube.com,8082485556,true,false,HI
282,Daniella,Cory,dcory7t@google.de,6036618909,true,true,NH
283,Lethia,Whodcoat,lwhodcoat7u@google.es,9155414776,true,true,TX
284,Aggy,Wilfling,awilfling7v@free.fr,5158303171,false,false,IA
285,Gusti,Van der Beek,gvanderbeek7w@sbwire.com,9163761550,false,true,CA
286,Elvis,Mauchlen,emauchlen7x@sina.com.cn,2029091697,false,true,DC
287,Antonius,Aluard,aaluard7y@hatena.ne.jp,9717596828,true,false,OR
288,Timmy,Fell,tfell7z@joomla.org,4089427960,false,false,CA
289,Ethelin,Hinz,ehinz80@goo.ne.jp,2154708994,false,false,PA
290,Katharine,Leckenby,kleckenby81@people.com.cn,6146092424,false,false,OH
291,Mikkel,Rowley,mrowley82@house.gov,4196842357,false,false,OH
292,Dallas,Shaplin,dshaplin83@buzzfeed.com,5127920998,true,false,TX
293,Spike,Stempe,sstempe84@infoseek.co.jp,4157051074,false,false,CA
294,Shirleen,Naulls,snaulls85@uiuc.edu,7167814880,true,true,NY
295,Chickie,Souten,csouten86@trellian.com,2095406205,false,false,CA
296,Kurt,Joicey,kjoicey87@ca.gov,4089523355,false,false,CA
297,Corey,Youster,cyouster88@issuu.com,8042551959,false,false,VA
298,Rance,Boni,rboni89@oracle.com,2608162388,true,false,IN
299,Moria,de Castelain,mdecastelain8a@time.com,7574336230,false,true,VA
300,Cordie,Boar,cboar8b@zimbio.com,5102577781,false,true,CA
301,Avictor,Seery,aseery8c@vkontakte.ru,2025573892,true,false,DC
302,Carmina,Baxster,cbaxster8d@virginia.edu,8509989468,false,false,FL
303,Jade,Brinklow,jbrinklow8e@vkontakte.ru,4239454748,true,false,TN
304,Bethanne,Annett,bannett8f@deviantart.com,8183468636,true,true,CA
305,Sissie,Lednor,slednor8g@auda.org.au,3253529740,true,false,TX
306,Giacomo,Sacher,gsacher8h@earthlink.net,3136079368,true,false,MI
307,Jacqui,Critchley,jcritchley8i@ibm.com,4083221931,true,true,CA
308,Eddy,Steptowe,esteptowe8j@imgur.com,3126125353,false,false,IL
309,Ellis,Mathevet,emathevet8k@upenn.edu,4091120837,false,false,TX
310,Rosemary,Arntzen,rarntzen8l@pbs.org,3149769904,false,false,MO
311,Dorena,Ruvel,druvel8m@csmonitor.com,2812847301,true,false,TX
312,Barbee,Scoble,bscoble8n@ovh.net,6151084079,true,true,TN
313,Greggory,Savage,gsavage8o@house.gov,8062253165,false,false,TX
314,Garrard,Coale,gcoale8p@tamu.edu,5621523484,true,false,CA
315,Arie,Quantrell,aquantrell8q@de.vu,2602177213,true,false,IN
316,Gian,Tyson,gtyson8r@xrea.com,9419254313,true,false,FL
317,Jamie,Diggens,jdiggens8s@upenn.edu,2542221588,false,true,TX
318,Jacqui,Arnaudet,jarnaudet8t@purevolume.com,5854131158,false,false,NY
319,Wit,Manser,wmanser8u@people.com.cn,7858487285,false,false,KS
320,Ginny,Dominelli,gdominelli8v@wordpress.org,3349908293,true,true,AL
321,Lilla,Daintith,ldaintith8w@pbs.org,8185871800,true,true,CA
322,Blinny,Lenormand,blenormand8x@va.gov,5135834648,true,true,OH
323,Candis,Hentzer,chentzer8y@whitehouse.gov,4089283232,false,false,CA
324,Izzy,Crossingham,icrossingham8z@ehow.com,2128096331,true,true,NY
325,Omero,Vasyukhichev,ovasyukhichev90@narod.ru,5851187244,true,false,NY
326,Sibyl,Jaskowicz,sjaskowicz91@bravesites.com,8132962131,false,false,FL
327,Zoe,Durran,zdurran92@dagondesign.com,7637100079,false,false,MN
328,Sisely,Harcase,sharcase93@last.fm,9136489723,true,false,KS
329,Daphne,Eslinger,deslinger94@nationalgeographic.com,7045924359,true,false,NC
330,Paxon,Haslock,phaslock95@networksolutions.com,5591184209,false,true,CA
331,Jory,Denney,jdenney96@elegantthemes.com,6514622146,false,true,MN
332,Hyacinthia,Garlic,hgarlic97@lulu.com,6468423195,true,true,NY
333,Concordia,Vina,cvina98@i2i.jp,8129585379,true,true,IN
334,Shannon,Crepin,screpin99@nydailynews.com,8286220029,true,true,NC
335,Kassandra,Hartness,khartness9a@wikispaces.com,8164522105,true,false,MO
336,Vallie,Akam,vakam9b@theglobeandmail.com,8145166072,true,true,PA
337,Shanna,Dorant,sdorant9c@msn.com,2402922215,false,true,MD
338,Lucais,Levings,llevings9d@ebay.co.uk,2029779955,false,true,DC
339,Nomi,Stockin,nstockin9e@blogs.com,9515941051,true,true,CA
340,Melany,Richie,mrichie9f@dailymail.co.uk,4043106394,true,true,GA
341,Celisse,Eyres,ceyres9g@nifty.com,3305537415,true,false,OH
342,Horacio,Affleck,haffleck9h@vinaora.com,2057737684,false,true,AL
343,Floria,Bleackly,fbleackly9i@usgs.gov,4132631496,false,false,MA
344,Felizio,Scarbarrow,fscarbarrow9j@soundcloud.com,4126892137,false,false,PA
345,Yurik,Points,ypoints9k@woothemes.com,8187104891,false,false,CA
346,Bradan,Reisin,breisin9l@virginia.edu,4087547495,false,false,CA
347,Lalo,Spilling,lspilling9m@jiathis.com,7174508394,true,true,PA
348,Blisse,Bilbey,bbilbey9n@comcast.net,2102482326,false,false,TX
349,Joscelin,Hairesnape,jhairesnape9o@free.fr,6025065082,true,false,AZ
350,Ashbey,Sparshutt,asparshutt9p@bigcartel.com,5406153184,false,false,VA
351,Vitoria,Heathcote,vheathcote9q@wsj.com,8065028094,false,false,TX
352,Linea,Beers,lbeers9r@bing.com,2408164656,false,true,MD
353,Alyda,Kivits,akivits9s@bbb.org,6023029377,true,false,AZ
354,Vlad,Luetkemeyers,vluetkemeyers9t@miibeian.gov.cn,6363870963,true,true,MO
355,Garrik,Farryn,gfarryn9u@tumblr.com,5183503818,true,true,NY
356,Maryann,Soane,msoane9v@amazon.de,9714614815,true,false,OR
357,Berkly,Stockney,bstockney9w@oracle.com,2056222077,false,true,AL
358,Myron,Maryan,mmaryan9x@tuttocitta.it,2815539292,true,false,TX
359,Zeb,Dahmke,zdahmke9y@hc360.com,9081037383,false,false,NJ
360,Halsy,Bunyan,hbunyan9z@techcrunch.com,6611172124,true,true,CA
361,Kristofer,Yatman,kyatmana0@wiley.com,7068044591,true,true,GA
362,Schuyler,Turbat,sturbata1@si.edu,5184543734,false,false,NY
363,Orelee,Dixey,odixeya2@loc.gov,4042898651,false,true,GA
364,Ody,Enderby,oenderbya3@baidu.com,7162139092,true,false,NY
365,Iago,Cuttles,icuttlesa4@sciencedaily.com,8041063236,true,false,VA
366,Geri,Airy,gairya5@ustream.tv,7161241135,true,true,NY
367,Darya,Lapree,dlapreea6@youtu.be,4802927630,true,true,AZ
368,Doretta,Vlasyuk,dvlasyuka7@dropbox.com,6146025430,true,false,OH
369,Anny,Dingwall,adingwalla8@usgs.gov,9547883278,false,true,FL
370,Galvin,Staziker,gstazikera9@is.gd,9788920857,false,true,MA
371,Noe,Pichan,npichanaa@shop-pro.jp,2031589959,false,false,CT
372,Shannon,Ackhurst,sackhurstab@discovery.com,9038773804,true,true,TX
373,Carley,Keays,ckeaysac@google.fr,3026413424,false,false,DE
374,Reuben,Bonnefin,rbonnefinad@jimdo.com,3014667359,false,true,MD
375,Natal,Apted,naptedae@rambler.ru,6029815320,false,true,AZ
376,Field,Gartrell,fgartrellaf@comsenz.com,2537120847,true,true,WA
377,Georgy,Meineken,gmeinekenag@imageshack.us,2052076226,false,true,AL
378,Loren,Izchaki,lizchakiah@about.me,8633460733,true,false,FL
379,Solomon,Vears,svearsai@a8.net,4082456198,false,true,CA
380,Blayne,Fearon,bfearonaj@wsj.com,7205019227,false,true,CO
381,Svend,Camis,scamisak@simplemachines.org,3205907727,false,true,MN
382,Jobina,Ismirnioglou,jismirniogloual@columbia.edu,7734315288,true,true,IL
383,Arther,Craze,acrazeam@skyrock.com,5012355274,false,false,AR
384,Harris,Scarff,hscarffan@google.com.br,5204092160,false,false,AZ
385,Nan,Leirmonth,nleirmonthao@dion.ne.jp,6197149211,true,false,CA
386,Brigg,Armit,barmitap@miibeian.gov.cn,6095683904,false,true,NJ
387,Newton,Goose,ngooseaq@homestead.com,6169258879,false,true,MI
388,Moyra,Smye,msmyear@scientificamerican.com,7146801904,true,true,CA
389,Gearalt,Fayerman,gfayermanas@tinyurl.com,5123884405,true,true,TX
390,Terrie,Roglieri,troglieriat@sun.com,2691405327,true,false,MI
391,Carmine,Harteley,charteleyau@sphinn.com,6148547708,false,true,OH
392,Thom,Morratt,tmorrattav@gnu.org,6143964267,false,true,OH
393,Vanni,Whellans,vwhellansaw@wunderground.com,7728261654,true,false,FL
394,Urson,Solman,usolmanax@drupal.org,4173249250,true,false,MO
395,Mahala,Wandrach,mwandrachay@ifeng.com,9416560658,false,false,FL
396,Stephana,Blewmen,sblewmenaz@mtv.com,7278708821,true,false,FL
397,Arlen,Earingey,aearingeyb0@dell.com,5408841623,false,false,VA
398,Florence,Walduck,fwalduckb1@virginia.edu,9191670980,false,true,NC
399,Cly,Dicker,cdickerb2@rakuten.co.jp,7203277544,true,false,CO
400,Alisun,Murrhaupt,amurrhauptb3@drupal.org,7322634345,true,false,NJ
401,Charmine,Preshous,cpreshousb4@wordpress.com,3099429986,true,true,IL
402,Fawn,Flamank,fflamankb5@sourceforge.net,4052181455,false,true,OK
403,Consuelo,Dunbleton,cdunbletonb6@virginia.edu,5203272848,false,true,AZ
404,Channa,Lindborg,clindborgb7@google.com,5042197547,false,true,LA
405,Lorilyn,Jakubczyk,ljakubczykb8@redcross.org,7041463277,true,true,NC
406,Garwood,Thouless,gthoulessb9@cdc.gov,8106254101,false,true,MI
407,Henderson,Roxbrough,hroxbroughba@g.co,3158642808,false,false,NY
408,Hadria,Rodear,hrodearbb@nba.com,6021995827,false,false,AZ
409,Ward,Ogger,woggerbc@chronoengine.com,3131321595,true,true,MI
410,Mychal,Bernardinelli,mbernardinellibd@hibu.com,3047339382,true,true,WV
411,Gonzales,Boays,gboaysbe@rambler.ru,9161010672,false,false,CA
412,Gale,Leyburn,gleyburnbf@prlog.org,2129599033,true,true,NY
413,Theadora,Anfusso,tanfussobg@theglobeandmail.com,3054114668,true,true,FL
414,Dolly,Craske,dcraskebh@deviantart.com,9086267237,true,false,NJ
415,Web,Bett,wbettbi@sogou.com,5071554946,false,false,MN
416,Augie,Northern,anorthernbj@china.com.cn,8046812225,false,true,VA
417,Calv,Tween,ctweenbk@gnu.org,4028229894,false,false,NE
418,Philippa,Petts,ppettsbl@linkedin.com,8049891741,true,false,VA
419,Yanaton,Keyson,ykeysonbm@wordpress.com,8053980581,true,true,CA
420,Spence,Way,swaybn@myspace.com,4122935795,true,false,PA
421,Norine,Middle,nmiddlebo@weebly.com,2152300696,true,false,PA
422,Ashia,Dodge,adodgebp@nyu.edu,3169374237,true,false,KS
423,Gary,Truluck,gtruluckbq@ucoz.ru,4042717848,true,false,GA
424,Chrissy,Ewence,cewencebr@amazon.com,8132947850,true,false,FL
425,Jayne,McMorran,jmcmorranbs@geocities.com,4158341710,false,false,CA
426,Winn,Hatherley,whatherleybt@reddit.com,4151910185,false,false,CA
427,Wallie,Ruggiero,wruggierobu@prweb.com,7654446122,true,true,IN
428,Selie,Barnewelle,sbarnewellebv@delicious.com,7136913888,true,false,TX
429,Adah,Ewbank,aewbankbw@clickbank.net,4692921772,true,false,TX
430,Carmon,Gallichiccio,cgallichicciobx@java.com,6178394736,true,false,MA
431,Erskine,Noquet,enoquetby@chronoengine.com,8054787433,true,true,CA
432,Dene,Twigger,dtwiggerbz@simplemachines.org,8018470754,true,true,UT
433,Rourke,Kainz,rkainzc0@yellowbook.com,7022319692,false,false,NV
434,Jackquelin,McDermott-Row,jmcdermottrowc1@xing.com,7652176152,false,true,IN
435,Karrah,Featherston,kfeatherstonc2@walmart.com,6268400995,false,true,CA
436,Leann,McShirrie,lmcshirriec3@theguardian.com,3183649773,true,true,LA
437,Maxim,Handslip,mhandslipc4@sphinn.com,9164756082,true,true,CA
438,Andee,Draper,adraperc5@g.co,2606006798,false,true,IN
439,Agathe,Cocks,acocksc6@craigslist.org,8167355890,false,false,MO
440,Edi,Stobie,estobiec7@spiegel.de,7869045606,true,true,FL
441,Cindy,Damrel,cdamrelc8@wix.com,8655293686,false,false,TN
442,Brenden,Kmicicki,bkmicickic9@php.net,4046361213,true,true,GA
443,Archer,Lavis,alavisca@ftc.gov,3524215048,true,true,FL
444,Nola,Canby,ncanbycb@mit.edu,9151421888,true,true,TX
445,Osbourne,Iorizzi,oiorizzicc@ustream.tv,9194281397,false,false,NC
446,Pauli,McGebenay,pmcgebenaycd@imageshack.us,6026690208,false,false,AZ
447,Gherardo,Cardno,gcardnoce@baidu.com,8626938837,true,true,NJ
448,Lisetta,Clear,lclearcf@istockphoto.com,7025943387,true,false,NV
449,Vilhelmina,Bufton,vbuftoncg@sciencedaily.com,2031370605,true,false,CT
450,Tim,Robelet,trobeletch@mysql.com,9373789421,true,true,OH
451,Bendick,Boyson,bboysonci@uiuc.edu,9095213146,true,true,CA
452,Obed,Mockett,omockettcj@mit.edu,2531583809,false,true,WA
453,Zach,Chung,zchungck@dailymotion.com,8651280426,true,false,TN
454,Corry,Mundford,cmundfordcl@baidu.com,2406479193,true,false,MD
455,Mychal,Coulter,mcoultercm@csmonitor.com,9179077932,false,true,NY
456,Amos,Richardes,arichardescn@51.la,6168354866,true,true,MI
457,Arch,Bodicum,abodicumco@storify.com,3188137093,false,false,LA
458,Vivyanne,Waylett,vwaylettcp@cbsnews.com,8504183778,true,false,FL
459,Kerry,Adrianello,kadrianellocq@naver.com,8434147070,true,false,SC
460,Nita,Pickup,npickupcr@theglobeandmail.com,4075422696,true,false,FL
461,Anthia,Cordelet,acordeletcs@domainmarket.com,4129419095,false,true,PA
462,Artemus,Trice,atricect@usda.gov,9074743133,true,true,AK
463,Pammi,Biskupiak,pbiskupiakcu@sogou.com,7041571589,true,false,NC
464,Colby,Tuson,ctusoncv@princeton.edu,3035451484,false,true,CO
465,Dacie,Pinchbeck,dpinchbeckcw@simplemachines.org,9144429259,true,false,NY
466,Colet,Klehn,cklehncx@nps.gov,6823128765,true,false,TX
467,Danella,Kuhnhardt,dkuhnhardtcy@tiny.cc,7635080913,true,true,MN
468,Redford,Schwier,rschwiercz@google.it,3035111286,false,false,CO
469,Tanya,Haynes,thaynesd0@privacy.gov.au,9191746148,false,true,NC
470,Abbye,Lavallie,alavallied1@posterous.com,7342089434,false,true,MI
471,Carola,Lebond,clebondd2@ask.com,6199559599,true,true,CA
472,Xenos,Laneham,xlanehamd3@noaa.gov,5056113881,false,true,NM
473,Karalynn,Belderfield,kbelderfieldd4@ucoz.com,4057150288,true,true,OK
474,Griffy,Narbett,gnarbettd5@ted.com,5177502789,false,false,MI
475,Odelinda,Moppett,omoppettd6@youtu.be,9412134771,false,true,FL
476,Lavena,Petrishchev,lpetrishchevd7@sbwire.com,6108755919,false,true,PA
477,Beulah,Glassborow,bglassborowd8@usnews.com,5031493989,true,true,OR
478,Yelena,Bartkowiak,ybartkowiakd9@soup.io,8088169920,true,false,HI
479,Jessy,Easter,jeasterda@issuu.com,9121960568,false,true,GA
480,Evelyn,Booton,ebootondb@globo.com,9188349789,false,false,OK
481,Noam,Chivrall,nchivralldc@shinystat.com,8126252290,true,false,IN
482,Hailee,Ramsby,hramsbydd@dropbox.com,8122840090,true,true,IN
483,Jeanette,Simpkin,jsimpkinde@cbsnews.com,6309537137,true,true,IL
484,Marilee,Tiery,mtierydf@dell.com,5207807383,false,true,AZ
485,Isa,Lovitt,ilovittdg@mozilla.org,4048946850,false,false,GA
486,Stewart,Semeniuk,ssemeniukdh@github.io,2066909292,true,false,WA
487,Arabela,Fibbit,afibbitdi@nature.com,8596907727,false,false,KY
488,Witty,Lewnden,wlewndendj@seattletimes.com,2163684025,true,false,OH
489,Titus,Kay,tkaydk@devhub.com,7277683803,true,false,FL
490,Marjory,Fussen,mfussendl@linkedin.com,5166828750,true,false,NY
491,Elsie,Norvel,enorveldm@columbia.edu,7174454925,false,false,PA
492,Frasquito,Challener,fchallenerdn@ebay.co.uk,3011226455,true,false,MD
493,Zachary,Hirtzmann,zhirtzmanndo@aboutads.info,5032639116,true,false,OR
494,Ingram,Hedden,iheddendp@scribd.com,7274827154,true,true,FL
495,Theodoric,Wabb,twabbdq@narod.ru,2091146761,true,true,CA
496,Frazer,Beckett,fbeckettdr@printfriendly.com,9183571605,true,false,OK
497,Denys,Doumer,ddoumerds@hatena.ne.jp,3371491643,true,false,LA
498,Jone,Cuerdale,jcuerdaledt@craigslist.org,6128180934,false,true,MN
499,Lorrie,Petracek,lpetracekdu@adobe.com,2069472382,true,false,WA
500,Udale,Rowaszkiewicz,urowaszkiewiczdv@china.com.cn,6024613335,false,true,AZ
501,Giffard,Tall,gtalldw@epa.gov,4021014595,false,false,NE
502,Irina,Salaman,isalamandx@google.ru,2027525227,false,true,DC
503,Hubey,Biggerdike,hbiggerdikedy@newyorker.com,9194641414,true,false,NC
504,Chrystal,Linnit,clinnitdz@nature.com,3163073389,true,false,KS
505,Lyman,Cainey,lcaineye0@upenn.edu,5135753390,false,false,OH
506,Meade,Renfield,mrenfielde1@blogs.com,3365996287,false,true,NC
507,Libbie,Geraud,lgeraude2@fotki.com,8051358359,false,true,CA
508,Ginger,Moatt,gmoatte3@liveinternet.ru,7702414539,false,true,GA
509,Cybil,Leheude,cleheudee4@creativecommons.org,5181904786,true,false,NY
510,Joellen,Dunwoody,jdunwoodye5@istockphoto.com,2127079316,false,true,NY
511,Roanna,Stebbing,rstebbinge6@thetimes.co.uk,5178862199,false,false,MI
512,Fionna,Sedge,fsedgee7@blogtalkradio.com,3613275495,true,true,TX
513,Remus,Giorgio,rgiorgioe8@utexas.edu,7167842658,false,false,NY
514,Gracie,Fawdry,gfawdrye9@t.co,4153388566,false,true,CA
515,Niel,Tschirschky,ntschirschkyea@nhs.uk,2145241231,true,true,TX
516,Constantine,Shakesbye,cshakesbyeeb@goodreads.com,2602871271,true,true,IN
517,Roberto,McKniely,rmcknielyec@dell.com,6622887475,true,true,MS
518,Branden,Wilbor,bwilbored@cnn.com,7174683324,true,false,PA
519,Roth,Skough,rskoughee@surveymonkey.com,3349700941,false,false,AL
520,Violette,Cromar,vcromaref@sciencedaily.com,2037930093,true,false,CT
521,Kristos,Batcock,kbatcockeg@netscape.com,3526854113,false,false,FL
522,Jenilee,Tumulty,jtumultyeh@tamu.edu,4061969536,true,false,MT
523,Obed,Cloutt,oclouttei@sina.com.cn,7276792328,false,false,FL
524,Jenica,Burl,jburlej@twitter.com,8176814218,true,true,TX
525,Ardelle,Rubbert,arubbertek@mysql.com,8477343413,true,false,IL
526,Reinhard,Durden,rdurdenel@google.ru,3041209222,false,false,WV
527,Louisette,Tours,ltoursem@flavors.me,9132493610,true,false,KS
528,Moe,Ryman,mrymanen@parallels.com,3021142143,true,true,DE
529,Allie,Elias,aeliaseo@toplist.cz,4805793149,true,false,AZ
530,Rory,Uttridge,ruttridgeep@artisteer.com,7176012106,false,false,PA
531,Morly,Tue,mtueeq@imdb.com,3602206960,false,false,WA
532,Oliy,Warhurst,owarhurster@sourceforge.net,2537070320,true,true,WA
533,Mikael,Borrie,mborriees@dailymotion.com,2142380164,true,true,TX
534,Clarance,Duffrie,cduffrieet@com.com,3522410208,true,true,FL
535,Peadar,Haggata,phaggataeu@unblog.fr,2056543652,true,false,AL
536,Nikoletta,Jonathon,njonathonev@vk.com,8316069721,false,false,CA
537,Sonnnie,Showt,sshowtew@desdev.cn,5411046742,true,true,OR
538,Theodoric,Varker,tvarkerex@symantec.com,8437430327,true,true,SC
539,Jennifer,Rowntree,jrowntreeey@hatena.ne.jp,9012949698,false,false,TN
540,Eduino,Jaggar,ejaggarez@youtube.com,8036869432,false,true,SC
541,Adara,Honnan,ahonnanf0@adobe.com,5034666720,false,false,OR
542,Kirsten,Thomen,kthomenf1@forbes.com,3034352444,false,true,CO
543,Dominique,Dickenson,ddickensonf2@opera.com,2148333488,false,false,TX
544,Burnaby,Craigg,bcraiggf3@parallels.com,4132857889,false,false,MA
545,Ciro,Janusz,cjanuszf4@mail.ru,2104218414,false,false,TX
546,Roxine,Hansberry,rhansberryf5@topsy.com,6829688811,true,true,TX
547,Linea,Wimpress,lwimpressf6@quantcast.com,2145667862,true,false,TX
548,Ian,Crompton,icromptonf7@mtv.com,3619447200,false,false,TX
549,Dionne,Lipmann,dlipmannf8@studiopress.com,8329213326,true,false,TX
550,Kaja,Featherby,kfeatherbyf9@buzzfeed.com,2142705175,false,true,TX
551,Avram,Scheu,ascheufa@behance.net,7165593740,true,false,NY
552,Dinnie,Grinaugh,dgrinaughfb@who.int,3049606230,false,false,WV
553,Roarke,Dursley,rdursleyfc@macromedia.com,4239682013,true,true,TN
554,Say,Ornillos,sornillosfd@cisco.com,9411680118,true,true,FL
555,Trenton,Twyford,ttwyfordfe@symantec.com,9175003511,true,true,NY
556,Pren,D'Abbot-Doyle,pdabbotdoyleff@chicagotribune.com,2033041894,false,true,CT
557,Dylan,Crichmer,dcrichmerfg@ebay.co.uk,3041311607,true,false,WV
558,Sally,Vaillant,svaillantfh@abc.net.au,8501842732,true,true,FL
559,Claudian,Beedham,cbeedhamfi@fda.gov,7135711727,true,false,TX
560,Maje,Surplice,msurplicefj@msn.com,2177195618,false,true,IL
561,Marcile,Mouget,mmougetfk@bing.com,2023841656,false,false,DC
562,Neel,Tripney,ntripneyfl@ox.ac.uk,7867293690,true,true,FL
563,Ronda,Armor,rarmorfm@google.co.uk,4784802860,true,false,GA
564,Freddi,Kisby,fkisbyfn@ning.com,9546848364,true,true,FL
565,Kerrie,Maitland,kmaitlandfo@elpais.com,5208294693,false,false,AZ
566,Isadora,Deem,ideemfp@wordpress.com,6142300042,true,false,OH
567,Ivette,Oddy,ioddyfq@newyorker.com,9163443103,true,false,CA
568,Morly,Keig,mkeigfr@freewebs.com,5205366148,true,false,AZ
569,Aeriela,Pendreigh,apendreighfs@guardian.co.uk,9167952301,false,true,CA
570,Fairlie,Newcom,fnewcomft@simplemachines.org,4349909446,false,false,VA
571,Romy,Langfat,rlangfatfu@house.gov,2398925971,false,true,FL
572,Eddie,Imason,eimasonfv@redcross.org,3129428705,true,false,IL
573,Vyky,Yoslowitz,vyoslowitzfw@issuu.com,2814927225,false,false,TX
574,Michel,Solon,msolonfx@twitter.com,4101460352,true,true,MD
575,Cristin,Halsho,chalshofy@msn.com,2154183081,false,false,PA
576,Fredrika,Bartos,fbartosfz@posterous.com,9039881441,true,true,TX
577,Daryl,Rivaland,drivalandg0@creativecommons.org,3051512741,true,false,FL
578,Bern,Corkhill,bcorkhillg1@woothemes.com,5122232134,true,false,TX
579,Reginald,Weedenburg,rweedenburgg2@sfgate.com,3122580798,false,false,IL
580,Ruby,Drable,rdrableg3@marriott.com,2172300416,false,false,IL
581,Gilburt,Ccomini,gccominig4@ucoz.com,3147481213,true,true,MO
582,Nessy,Knapper,nknapperg5@photobucket.com,8167293382,true,true,MO
583,Keelby,Chessell,kchessellg6@webnode.com,2136771810,true,false,CA
584,Korie,Novill,knovillg7@themeforest.net,7023474526,true,true,NV
585,Velma,Arger,vargerg8@independent.co.uk,7854183952,true,true,KS
586,Gery,Camillo,gcamillog9@dyndns.org,3367137143,false,false,NC
587,Ash,Rendall,arendallga@wikispaces.com,7162503812,false,true,NY
588,Nanine,Szanto,nszantogb@ameblo.jp,7138681430,false,true,TX
589,Chrisse,Jaze,cjazegc@psu.edu,4077535610,false,true,FL
590,Shawnee,Spollen,sspollengd@ucsd.edu,2167319589,false,true,OH
591,Brnaby,Stickings,bstickingsge@arizona.edu,7279630903,true,true,FL
592,Stan,Turnbull,sturnbullgf@bizjournals.com,7865148278,false,false,FL
593,Caren,Blamire,cblamiregg@ask.com,8047520851,false,true,VA
594,Gabriella,Kelsell,gkelsellgh@foxnews.com,7545413014,true,true,FL
595,Odey,Geroldo,ogeroldogi@usda.gov,2402689954,true,true,MD
596,Sheila-kathryn,Polet,spoletgj@gravatar.com,2281494469,false,false,MS
597,Trey,Ellerker,tellerkergk@nydailynews.com,4046701540,true,true,GA
598,Milt,Croall,mcroallgl@auda.org.au,8163891796,false,false,MO
599,Aprilette,Cooley,acooleygm@simplemachines.org,7572901254,false,true,VA
600,Adah,Schreiner,aschreinergn@buzzfeed.com,2535536915,false,false,WA
601,Base,Chillistone,bchillistonego@plala.or.jp,2021794255,false,false,DC
602,Dex,Gounard,dgounardgp@tripod.com,8061713899,false,true,TX
603,Pacorro,Chatwood,pchatwoodgq@issuu.com,3053002943,false,true,FL
604,Micky,Skypp,mskyppgr@state.tx.us,2125491040,false,true,NY
605,Kerry,Clougher,kcloughergs@github.com,5155985329,true,false,IA
606,Kacey,Torra,ktorragt@youku.com,7022676883,true,true,NV
607,Ermentrude,Fri,efrigu@mlb.com,4127415507,false,false,PA
608,Mattias,Riach,mriachgv@usnews.com,9546010323,false,true,FL
609,Hyacintha,Lenz,hlenzgw@usgs.gov,5203316151,false,false,AZ
610,Deloris,Ussher,dusshergx@csmonitor.com,8581132604,true,false,CA
611,Anatola,Poe,apoegy@go.com,7179526511,true,false,PA
612,Marlow,Mockes,mmockesgz@delicious.com,5852253887,false,false,NY
613,Trixy,Dunk,tdunkh0@dot.gov,2535038760,true,false,WA
614,Christye,Oseland,coselandh1@newsvine.com,9174950757,false,false,NY
615,Cyrillus,Ludye,cludyeh2@domainmarket.com,7608782723,false,true,CA
616,Fonsie,Bleasdale,fbleasdaleh3@youtu.be,7707509152,false,true,GA
617,Marty,Drinkeld,mdrinkeldh4@xing.com,4126589564,false,false,PA
618,Larry,Figger,lfiggerh5@netvibes.com,6156470962,false,true,TN
619,Joelynn,Elcox,jelcoxh6@google.com,6101736598,false,false,PA
620,Estrellita,Brugh,ebrughh7@ebay.co.uk,2126208503,false,true,NY
621,Kliment,Jurisic,kjurisich8@google.com,7274042743,true,true,FL
622,Andrej,Parkinson,aparkinsonh9@infoseek.co.jp,3199782665,true,false,IA
623,Row,Bever,rbeverha@epa.gov,5622488093,true,false,CA
624,Hana,Willbraham,hwillbrahamhb@uol.com.br,4073643645,false,true,FL
625,Evangeline,Caulket,ecaulkethc@pagesperso-orange.fr,7273858041,true,false,FL
626,Gwen,Ducarne,gducarnehd@acquirethisname.com,4103372825,true,true,MD
627,Gabriell,Roff,groffhe@wp.com,6125906937,false,false,MN
628,Rebe,Cargill,rcargillhf@auda.org.au,7576647538,true,false,VA
629,Georgiana,D'Cruze,gdcruzehg@is.gd,3042518386,true,true,WV
630,Koenraad,Sealand,ksealandhh@google.es,8585862218,true,false,CA
631,Galven,Boggis,gboggishi@opensource.org,9498690329,true,false,CA
632,Lek,Sketcher,lsketcherhj@drupal.org,9151085925,true,false,TX
633,Titos,McGirr,tmcgirrhk@nsw.gov.au,7577508979,false,true,VA
634,Mycah,Menichi,mmenichihl@bluehost.com,9191314760,false,true,NC
635,Kassey,Tringham,ktringhamhm@usgs.gov,8327863116,false,true,TX
636,Vikky,Bever,vbeverhn@scientificamerican.com,4096700702,false,true,TX
637,Lora,Rusling,lruslingho@hud.gov,3153356369,false,false,NY
638,Helene,Shacklady,hshackladyhp@bizjournals.com,3234351757,true,false,CA
639,Fran,Musson,fmussonhq@themeforest.net,6194445810,false,true,CA
640,Madelene,Spilsburie,mspilsburiehr@opensource.org,3094864054,true,true,IL
641,Alfreda,Reboul,areboulhs@plala.or.jp,8605961466,true,false,CT
642,Heall,Duffield,hduffieldht@deliciousdays.com,5082256954,true,false,MA
643,Fredrick,Wennam,fwennamhu@smh.com.au,6361132666,true,true,MO
644,Carter,Lopes,clopeshv@rediff.com,2025139086,false,true,DC
645,Adi,Rengger,arenggerhw@nasa.gov,8083564445,false,true,HI
646,Beitris,Marshal,bmarshalhx@abc.net.au,4083432195,false,true,CA
647,Siana,Schruyers,sschruyershy@meetup.com,4797591697,true,false,AR
648,Davida,Loxston,dloxstonhz@gmpg.org,9159486862,false,false,TX
649,Dexter,Izhak,dizhaki0@wordpress.com,6365945496,true,false,MO
650,Bryce,Sholl,bsholli1@latimes.com,8053830209,true,true,CA
651,Malinda,McAless,mmcalessi2@zimbio.com,7139719114,true,false,TX
652,Neill,Backshill,nbackshilli3@bizjournals.com,3302409835,false,true,OH
653,Aubine,Gillcrist,agillcristi4@yelp.com,5129299374,false,true,TX
654,Mordecai,Sanger,msangeri5@discovery.com,5734385538,false,false,MO
655,Stephen,Blacklock,sblacklocki6@list-manage.com,3035177457,true,false,CO
656,Meggy,Ronaldson,mronaldsoni7@goo.ne.jp,2082417133,false,false,ID
657,Kiele,Horsefield,khorsefieldi8@noaa.gov,8326609512,false,true,TX
658,Jaquenette,Terrett,jterretti9@booking.com,3157508126,true,true,NY
659,Grace,Haldene,ghaldeneia@mapquest.com,5161290146,true,true,NY
660,Bondy,Sherrell,bsherrellib@google.co.jp,2605575465,true,false,IN
661,Rois,Noyce,rnoyceic@arstechnica.com,3056933141,true,true,FL
662,Hollyanne,Lartice,hlarticeid@i2i.jp,9736175205,true,false,NJ
663,April,Kirkbride,akirkbrideie@webeden.co.uk,7702698196,true,false,GA
664,Patsy,Flewan,pflewanif@geocities.jp,2021232310,false,true,DC
665,Greer,Meah,gmeahig@ucoz.ru,4693644650,true,false,TX
666,Renaud,Guess,rguessih@elpais.com,2129111269,false,true,NY
667,Elmore,Stevens,estevensii@unc.edu,8171486029,true,false,TX
668,Selia,Karadzas,skaradzasij@yahoo.co.jp,3032853911,true,false,CO
669,Conrade,Blacket,cblacketik@yolasite.com,2608210178,true,false,IN
670,Thibaud,Searston,tsearstonil@wsj.com,2569039812,false,false,AL
671,Norma,Cassley,ncassleyim@furl.net,7131876893,false,true,TX
672,Aurea,Rospars,arosparsin@infoseek.co.jp,6028710743,false,false,AZ
673,Jena,Sier,jsierio@squarespace.com,4691377689,false,false,TX
674,Elisabetta,Spohr,espohrip@printfriendly.com,7748188771,false,false,MA
675,Stu,Arcase,sarcaseiq@google.de,2158906731,true,true,PA
676,Babette,Crilly,bcrillyir@bloglines.com,6032614669,false,true,NH
677,Flemming,Craine,fcraineis@oakley.com,4082527302,true,false,CA
678,Enrique,Jeanenet,ejeanenetit@networkadvertising.org,7279618656,true,false,FL
679,Gerianna,Theunissen,gtheunisseniu@apple.com,2519649402,false,false,AL
680,Fifi,Ashmole,fashmoleiv@a8.net,3048821065,true,false,WV
681,Guntar,Bascomb,gbascombiw@uol.com.br,8086955660,true,false,HI
682,Hussein,Ruprechter,hruprechterix@ebay.co.uk,9162060361,true,true,CA
683,Frankie,Smeaton,fsmeatoniy@ed.gov,5717398444,true,true,VA
684,Clevie,Bossel,cbosseliz@soundcloud.com,4106091351,false,false,MD
685,Margarethe,Morrowe,mmorrowej0@buzzfeed.com,8061842980,true,false,TX
686,Giffard,Pulfer,gpulferj1@fda.gov,2165042969,true,false,OH
687,Otis,Rhydderch,orhydderchj2@issuu.com,8586487860,false,false,CA
688,Teresa,Fawdrie,tfawdriej3@topsy.com,9418598301,true,false,FL
689,Lester,Berthel,lberthelj4@amazon.co.jp,4436670920,true,true,MD
690,Evered,Matiebe,ematiebej5@dailymotion.com,9014800753,true,false,TN
691,Fransisco,Spurriar,fspurriarj6@yale.edu,3032773926,true,false,CO
692,Clarey,Hatherley,chatherleyj7@sciencedirect.com,2032349870,true,false,CT
693,Uri,Rate,uratej8@goo.gl,2034799296,false,false,CT
694,Benoite,Gude,bgudej9@japanpost.jp,9138513632,false,false,KS
695,Kalindi,Harrisson,kharrissonja@unicef.org,9017704135,false,true,TN
696,Ximenes,Gwillym,xgwillymjb@quantcast.com,3617638106,false,true,TX
697,Leigha,Scohier,lscohierjc@miitbeian.gov.cn,6196498351,true,true,CA
698,Lottie,Sissens,lsissensjd@photobucket.com,8635552955,true,false,FL
699,Zolly,Pelosi,zpelosije@devhub.com,2133532203,true,true,CA
700,Dalli,Wethered,dwetheredjf@yellowpages.com,6237173080,false,false,AZ
701,Bink,Traut,btrautjg@latimes.com,3302311894,true,true,OH
702,Alexei,Meaders,ameadersjh@ox.ac.uk,2128879166,false,true,NY
703,Ly,Arnoult,larnoultji@tinypic.com,5127973741,true,false,TX
704,Niels,Gehrts,ngehrtsjj@sfgate.com,2175882646,false,false,IL
705,Vivianne,Hansemann,vhansemannjk@telegraph.co.uk,8018109056,true,true,UT
706,Waverly,Sutheran,wsutheranjl@jalbum.net,7277261675,false,true,FL
707,Sal,Lurriman,slurrimanjm@ibm.com,9156978121,false,false,TX
708,Sally,Moyer,smoyerjn@kickstarter.com,6239968435,true,false,AZ
709,Drugi,Ellwood,dellwoodjo@state.gov,5127782236,false,false,TX
710,Melinda,Stebles,msteblesjp@dedecms.com,5165891163,false,true,NY
711,Gallard,Kift,gkiftjq@cyberchimps.com,5715323970,false,false,VA
712,Inessa,Chasmor,ichasmorjr@loc.gov,9703419537,false,false,CO
713,Gusti,Crofthwaite,gcrofthwaitejs@com.com,2286285494,true,false,MS
714,Fredi,Chant,fchantjt@free.fr,2673641779,true,true,PA
715,Liza,Comi,lcomiju@google.es,9193361405,true,true,NC
716,Robert,Girling,rgirlingjv@nps.gov,5056623514,true,true,NM
717,Dominic,Jennison,djennisonjw@eepurl.com,3614143030,false,false,TX
718,Stephen,Madine,smadinejx@netlog.com,9492187511,false,true,CA
719,Karalynn,Skeermor,kskeermorjy@twitpic.com,6515001873,false,true,MN
720,Zita,Elphey,zelpheyjz@omniture.com,3176634537,true,true,IN
721,Josiah,Lucken,jluckenk0@123-reg.co.uk,7134655944,true,true,TX
722,Malia,Paddefield,mpaddefieldk1@economist.com,3054682236,false,false,FL
723,Mariellen,Norcliffe,mnorcliffek2@statcounter.com,6038872976,false,true,NH
724,Jarret,Padberry,jpadberryk3@nytimes.com,5041544784,true,false,LA
725,Irving,Naptin,inaptink4@illinois.edu,6505826945,true,true,CA
726,Jessi,Sleeman,jsleemank5@vkontakte.ru,6027951479,false,true,AZ
727,Caesar,Tomaszewicz,ctomaszewiczk6@symantec.com,6163971467,false,true,MI
728,Felicdad,Yallop,fyallopk7@sitemeter.com,4193730883,false,false,OH
729,Kelley,Rumney,krumneyk8@zdnet.com,8045912587,true,true,VA
730,Jervis,Renfield,jrenfieldk9@geocities.jp,2021537625,true,true,DC
731,Etan,Hauger,ehaugerka@aol.com,8591489783,false,false,KY
732,Betsey,Millwater,bmillwaterkb@yahoo.com,4051173929,true,false,OK
733,Bay,Michelmore,bmichelmorekc@drupal.org,5864707237,false,false,MI
734,See,Danhel,sdanhelkd@sourceforge.net,4089930289,false,false,CA
735,Shara,Brower,sbrowerke@geocities.com,4257980914,true,false,WA
736,Ash,Kelleway,akellewaykf@taobao.com,6059715806,false,false,SD
737,Domingo,Sharma,dsharmakg@craigslist.org,4071804244,true,true,FL
738,Linda,Beneteau,lbeneteaukh@house.gov,6091147329,false,false,NJ
739,Neal,Lahiff,nlahiffki@narod.ru,9149489076,true,true,NY
740,Dacy,Spowage,dspowagekj@dropbox.com,4056141544,false,true,OK
741,Mikaela,McLucas,mmclucaskk@goodreads.com,5593960070,false,true,CA
742,Agnella,Marple,amarplekl@t-online.de,2032590081,false,true,CT
743,Jude,Houten,jhoutenkm@washington.edu,2295039458,true,true,GA
744,Stormi,Torrans,storranskn@bravesites.com,2024581987,false,false,DC
745,Kristofer,Yateman,kyatemanko@surveymonkey.com,2532615782,false,true,WA
746,Stephannie,Peare,spearekp@deviantart.com,8606990243,false,true,CT
747,Phyllis,Halsted,phalstedkq@w3.org,9373090077,true,false,OH
748,Giordano,Wilkerson,gwilkersonkr@diigo.com,4128268444,true,false,PA
749,Mathias,Robilart,mrobilartks@google.de,5611970708,false,false,FL
750,Geno,Erat,geratkt@java.com,2177015562,false,true,IL
751,Adella,Parell,aparellku@uiuc.edu,2055573828,true,true,AL
752,Ermina,Nornable,enornablekv@umich.edu,3175956282,true,true,IN
753,Sophie,Pringell,springellkw@oakley.com,5125490783,true,true,TX
754,Wolf,McMurthy,wmcmurthykx@bbb.org,8573546706,false,false,MA
755,Ellie,Halladey,ehalladeyky@nps.gov,7866080113,true,true,FL
756,Karyn,Josselson,kjosselsonkz@springer.com,6785884448,true,false,GA
757,Guglielma,Staves,gstavesl0@netvibes.com,6014176109,false,false,MS
758,Dorian,Streather,dstreatherl1@bluehost.com,9411739128,true,false,FL
759,Leo,Peche,lpechel2@craigslist.org,8133433006,false,false,FL
760,Natalina,Collicott,ncollicottl3@pen.io,6515766575,true,false,MN
761,Nora,Gosneye,ngosneyel4@dell.com,7144218721,false,true,CA
762,Hazel,Kezourec,hkezourecl5@artisteer.com,3121497635,false,true,IL
763,Josephina,Ridolfo,jridolfol6@eventbrite.com,7182535974,false,true,NY
764,Merci,Gianetti,mgianettil7@mozilla.com,3179914568,true,true,IN
765,Camey,Aveyard,caveyardl8@bbc.co.uk,5045800264,false,true,LA
766,Ema,Matuszak,ematuszakl9@jugem.jp,6026343100,true,false,AZ
767,Lenee,Duro,ldurola@google.cn,5153927745,true,false,IA
768,Linda,Fautly,lfautlylb@biglobe.ne.jp,3302973226,false,false,OH
769,Rebecca,Andrzej,randrzejlc@chronoengine.com,2057642521,false,false,AL
770,Tabbi,Buxsey,tbuxseyld@blogger.com,5024723991,false,true,KY
771,Inna,Plank,iplankle@eventbrite.com,9012794387,false,true,TN
772,Nita,Hounsom,nhounsomlf@163.com,5049975841,true,false,LA
773,Garvin,Batrop,gbatroplg@noaa.gov,2151783089,true,true,PA
774,Onida,Poor,opoorlh@mayoclinic.com,6783335421,true,true,GA
775,Ryon,Ansett,ransettli@opensource.org,5178488349,true,true,MI
776,Desmund,Wyett,dwyettlj@cbslocal.com,4075052142,true,true,FL
777,Winslow,Van Dijk,wvandijklk@rakuten.co.jp,5613851714,true,false,FL
778,Kahlil,Rilings,krilingsll@state.tx.us,4807112763,true,false,AZ
779,Gunner,Tatnell,gtatnelllm@indiatimes.com,9041679765,true,true,FL
780,Darda,Blankenship,dblankenshipln@cnbc.com,2093280530,true,false,CA
781,Reba,Paskerful,rpaskerfullo@canalblog.com,5023438273,false,true,KY
782,Cob,Hanley,chanleylp@accuweather.com,2541608809,false,false,TX
783,Abie,Velte,aveltelq@webs.com,6261628359,false,false,CA
784,Torie,Harby,tharbylr@virginia.edu,7707130971,false,true,GA
785,Burg,Haywood,bhaywoodls@vkontakte.ru,2151990903,true,false,PA
786,Obidiah,Friberg,ofriberglt@bloglovin.com,8433393212,false,false,SC
787,Leonardo,Diver,ldiverlu@buzzfeed.com,2511765703,true,true,AL
788,Brett,Hollow,bhollowlv@newyorker.com,5866242754,false,false,MI
789,Walliw,Ronaghan,wronaghanlw@icq.com,2027125077,false,true,DC
790,Tildie,Pylkynyton,tpylkynytonlx@noaa.gov,2038219419,true,true,CT
791,Filberte,Faust,ffaustly@bloglovin.com,7197379035,false,true,CO
792,Corbin,Vasenkov,cvasenkovlz@mapquest.com,5129851855,false,false,TX
793,Austen,Kenen,akenenm0@hhs.gov,9188727572,true,true,OK
794,Lucho,Gillcrist,lgillcristm1@soup.io,2398196543,true,false,FL
795,Ki,Botwood,kbotwoodm2@hc360.com,9037225495,false,true,TX
796,Cassie,Phillput,cphillputm3@dot.gov,6074317716,false,false,NY
797,Jacquenette,Totterdill,jtotterdillm4@i2i.jp,2025285447,false,true,DC
798,Lek,Keaveny,lkeavenym5@upenn.edu,4146210886,true,true,WI
799,Rosalinde,Wiltshaw,rwiltshawm6@army.mil,2121212079,false,true,NY
800,Michail,Cescotti,mcescottim7@wikipedia.org,2137125139,true,true,CA
801,Rosalie,Singleton,rsingletonm8@dot.gov,7632453618,true,true,MN
802,Carny,Darkin,cdarkinm9@drupal.org,5409830204,true,false,VA
803,Kamillah,Sansbury,ksansburyma@microsoft.com,5185103133,true,false,NY
804,Astrix,Bandey,abandeymb@chicagotribune.com,7024709396,false,true,NV
805,Aluin,Scullin,ascullinmc@google.cn,2066921754,false,true,WA
806,Lilith,Renish,lrenishmd@zdnet.com,3168462029,true,true,KS
807,Alyse,Boldra,aboldrame@opera.com,5123237432,false,true,TX
808,Kristan,Petru,kpetrumf@disqus.com,4142382768,true,false,WI
809,Frank,Alanbrooke,falanbrookemg@ucoz.com,9124226304,false,false,GA
810,Lillian,Shallow,lshallowmh@dot.gov,3862333853,true,false,FL
811,Bartram,Louca,bloucami@skype.com,4178217591,false,false,MO
812,Ruthanne,Beebis,rbeebismj@huffingtonpost.com,5599940710,false,false,CA
813,Carlyn,Waye,cwayemk@nifty.com,3159559626,true,false,NY
814,Skell,China,schinaml@chron.com,6164464449,false,true,MI
815,Brenden,Marusyak,bmarusyakmm@fotki.com,2672972593,true,false,PA
816,Tudor,Filpo,tfilpomn@stanford.edu,5407398937,false,false,VA
817,Constantino,Helling,chellingmo@vistaprint.com,2052953410,false,true,AL
818,Lanna,Blaxeland,lblaxelandmp@miitbeian.gov.cn,2512041895,false,false,AL
819,Kalindi,Garrish,kgarrishmq@harvard.edu,5024346702,false,true,KY
820,Bank,Ickovic,bickovicmr@apple.com,5137888659,true,true,OH
821,Tammy,Matyushenko,tmatyushenkoms@google.co.jp,3379481743,false,false,LA
822,Darn,Mounch,dmounchmt@chronoengine.com,7029448593,false,false,NV
823,Kendrick,Ropkins,kropkinsmu@webnode.com,7047934025,true,false,NC
824,Oates,Keddey,okeddeymv@photobucket.com,8592822609,false,false,KY
825,Ash,Robbie,arobbiemw@mysql.com,3368905513,false,false,NC
826,Zuzana,Warmington,zwarmingtonmx@nature.com,2083733107,true,false,ID
827,Dede,Yurenev,dyurenevmy@csmonitor.com,5405536050,true,true,VA
828,Barnabas,Beinke,bbeinkemz@cnet.com,6082073429,false,true,WI
829,Jodi,Kurdani,jkurdanin0@xing.com,3302402354,true,false,OH
830,Marjie,Roulston,mroulstonn1@51.la,4403809521,true,false,OH
831,Link,Thiolier,lthioliern2@goo.ne.jp,8434088370,true,false,SC
832,Jakie,Franciottoi,jfranciottoin3@ezinearticles.com,5101972910,true,false,CA
833,Bobbye,Kelledy,bkelledyn4@nps.gov,2103547539,false,false,TX
834,Ardelia,Thornthwaite,athornthwaiten5@discovery.com,2139126728,false,false,CA
835,Bibbye,Hansana,bhansanan6@skype.com,3042954408,false,false,WV
836,Leda,Bog,lbogn7@istockphoto.com,7571247991,true,false,VA
837,Hillyer,Gosneye,hgosneyen8@nba.com,7061076350,false,false,GA
838,Adrien,Digger,adiggern9@delicious.com,3031725720,false,false,CO
839,Ariana,Comben,acombenna@ovh.net,5183354780,true,true,NY
840,Renate,O' Driscoll,rodriscollnb@nymag.com,3036536300,true,false,CO
841,Gaylord,Askem,gaskemnc@rediff.com,2543767583,true,true,TX
842,Zach,Tawton,ztawtonnd@rakuten.co.jp,5185059936,false,true,NY
843,Garvin,Mariotte,gmariottene@oaic.gov.au,5186278186,true,false,NY
844,Robenia,Escolme,rescolmenf@forbes.com,5131924633,false,false,OH
845,Nettle,Poluzzi,npoluzzing@cdbaby.com,7862847123,true,true,FL
846,Farica,Farebrother,ffarebrothernh@seattletimes.com,8433964249,true,false,SC
847,Nadia,Cooch,ncoochni@wufoo.com,8081831906,true,false,HI
848,Bessy,Carmody,bcarmodynj@storify.com,4049199931,true,true,GA
849,Alex,Shotter,ashotternk@whitehouse.gov,6187886337,false,false,IL
850,Janot,Atrill,jatrillnl@quantcast.com,3126362935,false,true,IL
851,Myron,Middleweek,mmiddleweeknm@123-reg.co.uk,4055950120,false,false,OK
852,Otho,Fagence,ofagencenn@barnesandnoble.com,2068099943,false,false,WA
853,Camile,Pury,cpuryno@time.com,7573078932,false,true,VA
854,Gates,Raspin,graspinnp@baidu.com,5049191176,false,false,LA
855,Clarisse,Streeten,cstreetennq@bbc.co.uk,8474695357,true,false,IL
856,Vaughn,Whenman,vwhenmannr@soup.io,9413693454,false,true,FL
857,Kacey,Carthew,kcarthewns@mashable.com,6613918769,false,false,CA
858,Harmon,Meriel,hmerielnt@epa.gov,2128418088,false,true,NY
859,Esra,Neillans,eneillansnu@chron.com,7032890580,true,true,MD
860,Godard,Trudgian,gtrudgiannv@unblog.fr,5039587177,false,false,OR
861,Koren,Monketon,kmonketonnw@weebly.com,2153326114,true,false,PA
862,Riobard,Ottawell,rottawellnx@bbc.co.uk,6232663306,false,false,AZ
863,Wittie,Densell,wdensellny@jugem.jp,3366399775,true,true,NC
864,Wilton,Bromilow,wbromilownz@cloudflare.com,8068432651,false,true,TX
865,Siegfried,Janus,sjanuso0@slideshare.net,7545773819,false,false,FL
866,Shannen,Powdrill,spowdrillo1@bluehost.com,7636371747,true,true,MN
867,Dacy,Jaulmes,djaulmeso2@mac.com,3375636652,true,false,LA
868,Laraine,Hendin,lhendino3@over-blog.com,5103195840,false,true,CA
869,Ansell,Lymbourne,alymbourneo4@ft.com,9179019368,true,false,NY
870,Ninette,Smallsman,nsmallsmano5@odnoklassniki.ru,5715089109,true,false,VA
871,Donnamarie,Vidler,dvidlero6@4shared.com,5044569664,true,true,LA
872,Darlene,Brinkworth,dbrinkwortho7@hp.com,6468854156,true,true,NY
873,Suzy,Behn,sbehno8@amazon.co.jp,7134606408,false,false,TX
874,Page,Duffy,pduffyo9@youtube.com,9152812841,false,false,TX
875,Gabie,Lethieulier,glethieulieroa@hugedomains.com,8327328640,false,true,TX
876,Kimball,Wattam,kwattamob@gnu.org,8068285351,true,true,TX
877,Witty,Bygott,wbygottoc@ox.ac.uk,8597163299,true,true,KY
878,Sacha,Broun,sbrounod@nih.gov,4041411151,true,true,GA
879,Berny,Baughn,bbaughnoe@comsenz.com,9379165063,false,false,OH
880,Gilberte,Hambers,ghambersof@mac.com,9194763960,true,false,NC
881,Avivah,Chadburn,achadburnog@exblog.jp,9138305775,true,false,KS
882,Roanna,Keighley,rkeighleyoh@businesswire.com,3306564417,true,false,OH
883,Cecilio,Casine,ccasineoi@examiner.com,8591122429,true,false,KY
884,Joanne,Chadney,jchadneyoj@naver.com,6091687407,true,false,NJ
885,Kerry,Wixey,kwixeyok@myspace.com,2025399446,false,false,DC
886,Adan,Winning,awinningol@gizmodo.com,4133505074,false,false,MA
887,Yvette,Hintze,yhintzeom@mtv.com,5305562873,true,true,CA
888,Justino,Girodias,jgirodiason@nifty.com,3178202442,true,true,IN
889,Erena,Dew,edewoo@apple.com,3132233139,false,false,MI
890,Darsey,Borell,dborellop@hatena.ne.jp,9416993495,false,false,FL
891,Annmaria,Ivanchikov,aivanchikovoq@go.com,6175148846,false,true,MA
892,Rufus,Sickert,rsickertor@theguardian.com,5097882961,false,false,WA
893,Ravi,Learmount,rlearmountos@washington.edu,4107594029,true,false,MD
894,Iolanthe,Paddingdon,ipaddingdonot@whitehouse.gov,8062411011,false,false,TX
895,Ethe,Crowne,ecrowneou@narod.ru,2026221628,true,true,DC
896,Zelig,Prichet,zprichetov@t.co,2564626196,true,false,AL
897,Armin,Dewey,adeweyow@latimes.com,2104450903,false,true,TX
898,Vilhelmina,Phillot,vphillotox@ebay.co.uk,7754365519,true,false,NV
899,Marlowe,Cordell,mcordelloy@epa.gov,7575051792,true,true,VA
900,Hilton,Fulcher,hfulcheroz@yelp.com,3096738249,false,false,IL
901,Olva,Wohler,owohlerp0@nature.com,3302498824,false,false,OH
902,Wilhelmina,Binge,wbingep1@domainmarket.com,8591095870,true,false,KY
903,Lynett,Benninger,lbenningerp2@webs.com,5407928031,false,true,VA
904,Charis,ffrench Beytagh,cffrenchbeytaghp3@mozilla.org,7196306025,false,true,CO
905,Aime,Freeth,afreethp4@slate.com,5151341958,true,false,IA
906,Othella,Catherall,ocatherallp5@soup.io,9163489963,false,false,CA
907,Brig,Swarbrick,bswarbrickp6@dedecms.com,5401650175,false,false,VA
908,Kakalina,Dy,kdyp7@harvard.edu,6015458681,true,false,MS
909,Kerianne,Greener,kgreenerp8@epa.gov,4695338771,true,false,TX
910,Titus,Newbatt,tnewbattp9@bluehost.com,2396020918,true,false,FL
911,Maureene,Romeuf,mromeufpa@china.com.cn,3609421293,false,true,WA
912,Sammie,Juzek,sjuzekpb@bravesites.com,2482298892,false,false,MI
913,Trina,Syalvester,tsyalvesterpc@deliciousdays.com,3183812164,false,false,LA
914,Grethel,Vogeler,gvogelerpd@wikia.com,7574688558,false,true,VA
915,Oliy,Spurling,ospurlingpe@hostgator.com,7199154016,true,false,CO
916,Davin,Cocozza,dcocozzapf@cisco.com,7189652896,true,false,NY
917,Celestyna,Siggins,csigginspg@wired.com,8139018036,true,true,FL
918,Berni,Schriren,bschrirenph@upenn.edu,2532830010,false,true,WA
919,Tom,Sherrocks,tsherrockspi@paginegialle.it,9711066984,false,false,OR
920,Waldemar,Planks,wplankspj@soup.io,4043662448,false,false,GA
921,Stevana,Dudny,sdudnypk@hugedomains.com,4026533920,true,false,NE
922,Becca,Thay,bthaypl@java.com,8106427776,false,false,MI
923,Darryl,Shaudfurth,dshaudfurthpm@ezinearticles.com,5702580338,false,false,PA
924,Rikki,Lindeberg,rlindebergpn@illinois.edu,5127051832,true,false,TX
925,Bob,Bebbell,bbebbellpo@cornell.edu,8164354401,true,true,MO
926,Lazarus,Grebner,lgrebnerpp@wsj.com,4046136219,true,false,GA
927,Murdock,Grier,mgrierpq@cornell.edu,9414792852,true,false,FL
928,Elden,Chater,echaterpr@dyndns.org,3121459844,true,true,IL
929,Rina,Yantsev,ryantsevps@hp.com,7136411726,true,false,TX
930,Brittan,Piper,bpiperpt@ustream.tv,2037692680,true,false,CT
931,Ludovika,Rubbens,lrubbenspu@businessinsider.com,4059644763,false,true,OK
932,Elden,Prestige,eprestigepv@clickbank.net,2346943546,true,false,OH
933,Sly,Manus,smanuspw@ocn.ne.jp,8435091575,false,true,SC
934,Lilith,Biernacki,lbiernackipx@tiny.cc,5715010718,true,true,VA
935,Sherye,Morrott,smorrottpy@sun.com,2021927074,false,false,DC
936,Alwyn,Jump,ajumppz@bloomberg.com,5126674900,true,false,TX
937,Maurits,Lorenzetti,mlorenzettiq0@blogtalkradio.com,9417784204,true,true,FL
938,Nico,Stolle,nstolleq1@sciencedirect.com,9526577097,false,true,MN
939,Rici,Keemer,rkeemerq2@free.fr,4059616089,true,false,OK
940,Merle,Borton,mbortonq3@dropbox.com,7203028472,true,false,CO
941,Ursola,Fouch,ufouchq4@goo.ne.jp,6195139714,false,false,CA
942,Stormi,Pimblett,spimblettq5@hexun.com,2519675079,false,false,AL
943,Jacki,Christall,jchristallq6@t-online.de,6513560082,false,false,MN
944,Max,Lowndesbrough,mlowndesbroughq7@cdbaby.com,7186073702,false,true,NY
945,Devlin,MacKee,dmackeeq8@usnews.com,3525281737,true,true,FL
946,Stormie,Meaking,smeakingq9@chronoengine.com,4024901316,true,true,NE
947,Carlynn,Lambregts,clambregtsqa@bbc.co.uk,5088655317,true,true,MA
948,Rowe,Kilmister,rkilmisterqb@vimeo.com,9197339133,true,false,NC
949,Tracey,Rzehor,trzehorqc@nature.com,2142144317,true,true,TX
950,Martainn,Baitman,mbaitmanqd@foxnews.com,3363582409,true,true,NC
951,Lucias,Lenton,llentonqe@illinois.edu,4352554493,false,true,UT
952,Alberto,Dunn,adunnqf@yahoo.co.jp,4136185315,true,false,MA
953,Arda,Cripps,acrippsqg@fema.gov,4841080336,false,false,PA
954,Munmro,Boyack,mboyackqh@patch.com,3098560650,true,true,IL
955,Bowie,Clopton,bcloptonqi@multiply.com,6128325131,true,true,MN
956,Clea,Burree,cburreeqj@jigsy.com,4342236201,false,true,VA
957,Veronique,Durham,vdurhamqk@yolasite.com,3017410826,false,true,MD
958,Cornela,Franey,cfraneyql@yelp.com,8138164839,true,true,FL
959,Wainwright,Gooday,wgoodayqm@wikia.com,6084808969,true,false,WI
960,Brooks,Gaskell,bgaskellqn@archive.org,5152122110,false,true,IA
961,Zeke,Falconbridge,zfalconbridgeqo@marketwatch.com,5207712840,true,false,AZ
962,Agatha,Limpricht,alimprichtqp@ebay.co.uk,5596366179,false,true,CA
963,Cristie,Blance,cblanceqq@walmart.com,2027723351,true,true,DC
964,Vitoria,Eannetta,veannettaqr@sogou.com,4104204348,true,true,MD
965,Shamus,Callum,scallumqs@virginia.edu,5713250429,true,true,VA
966,Rod,Rabl,rrablqt@newyorker.com,6014634851,false,true,MS
967,Valentino,Tax,vtaxqu@thetimes.co.uk,6618991478,false,true,CA
968,Ingrid,Whitlam,iwhitlamqv@macromedia.com,7633521567,false,false,MN
969,Bern,Petyakov,bpetyakovqw@weibo.com,7041632585,false,true,NC
970,Monique,Riccard,mriccardqx@free.fr,2691671672,true,false,MI
971,Marcello,Steel,msteelqy@wp.com,2135912785,false,false,CA
972,Yanaton,Legrave,ylegraveqz@163.com,4152998769,false,false,CA
973,Thorsten,Stainsby,tstainsbyr0@tuttocitta.it,9167585292,true,false,CA
974,Halsy,Whittlesee,hwhittleseer1@hexun.com,3367007601,false,true,NC
975,Cherlyn,Emerine,cemeriner2@cpanel.net,2259501348,false,false,LA
976,Lombard,Leahy,lleahyr3@epa.gov,2051599986,false,false,AL
977,Jethro,Lodovichi,jlodovichir4@networkadvertising.org,4126036764,true,false,PA
978,Nessy,Gledhall,ngledhallr5@merriam-webster.com,3209560950,false,false,MN
979,Gabbi,Essam,gessamr6@purevolume.com,2398549831,false,false,FL
980,Lauree,Crandon,lcrandonr7@google.it,7143890736,false,true,CA
981,Warner,Lakes,wlakesr8@umn.edu,3046757994,true,false,WV
982,Denny,Meekings,dmeekingsr9@theguardian.com,5182613605,false,true,NY
983,Trey,Ullrich,tullrichra@feedburner.com,2541223570,true,false,TX
984,Kristopher,Forker,kforkerrb@loc.gov,2024571700,false,true,DC
985,Randolf,Walster,rwalsterrc@who.int,9157781684,false,false,TX
986,Joella,Agostini,jagostinird@auda.org.au,7147733330,false,false,CA
987,Rocky,Elion,relionre@devhub.com,8056951822,false,false,CA
988,Raymond,Regelous,rregelousrf@newyorker.com,8039224164,true,true,SC
989,Scott,Denisyev,sdenisyevrg@biglobe.ne.jp,2057942991,false,false,AL
990,Marlane,Heart,mheartrh@google.com.au,2085699095,true,true,ID
991,Conchita,Mariette,cmarietteri@nba.com,5103824205,true,true,CA
992,Hobey,Januszkiewicz,hjanuszkiewiczrj@123-reg.co.uk,4141733586,true,true,WI
993,Marie,Nealon,mnealonrk@time.com,4136265233,false,false,MA
994,Janean,Uvedale,juvedalerl@nytimes.com,8068642498,false,true,TX
995,Bernelle,Parkyn,bparkynrm@taobao.com,2626206386,true,true,WI
996,Willabella,Treverton,wtrevertonrn@ehow.com,2147032387,true,true,TX
997,Olivie,Gaine,ogainero@hao123.com,7022599176,true,true,NV
998,Zach,Cardenas,zcardenasrp@archive.org,6012943126,false,false,MS
999,Peadar,Laven,plavenrq@ask.com,5085504106,true,true,MA
1000,Maegan,Durbann,mdurbannrr@timesonline.co.uk,9416419979,true,true,FL
